scenario,seed,window_id,window_start,window_end,target_packets,target_received,background_packets,loss_rate,target_rate,background_rate,mean_delay,p95_delay,p99_delay,received_violation_prob,violation_prob
drift_strong,11,0,5.0,15.0,246,246,354,0.0,24.6,35.4,0.002301242317073171,0.0031333224999999998,0.004440183500000002,0.0,0.0
drift_strong,11,1,15.0,25.0,254,24,363,0.905511811023622,25.4,36.3,0.0022315120833333335,0.0026489629999999985,0.0034018488999999997,0.0,0.905511811023622
drift_strong,11,2,25.0,35.0,257,0,354,1.0,25.7,35.4,0.0,0.0,0.0,0.0,1.0
drift_strong,11,3,35.0,45.0,220,0,354,1.0,22.0,35.4,0.0,0.0,0.0,0.0,1.0
drift_strong,11,4,45.0,55.0,251,0,360,1.0,25.1,36.0,0.0,0.0,0.0,0.0,1.0
drift_strong,11,5,55.0,65.0,250,0,354,1.0,25.0,35.4,0.0,0.0,0.0,0.0,1.0
drift_strong,11,6,65.0,75.0,264,0,363,1.0,26.4,36.3,0.0,0.0,0.0,0.0,1.0
drift_strong,11,7,75.0,85.0,283,0,354,1.0,28.3,35.4,0.0,0.0,0.0,0.0,1.0
drift_strong,11,8,85.0,95.0,307,0,360,1.0,30.7,36.0,0.0,0.0,0.0,0.0,1.0
drift_strong,11,9,95.0,105.0,302,0,354,1.0,30.2,35.4,0.0,0.0,0.0,0.0,1.0
drift_strong,11,10,105.0,115.0,271,0,360,1.0,27.1,36.0,0.0,0.0,0.0,0.0,1.0
drift_strong,11,11,115.0,125.0,124,0,174,1.0,12.4,17.4,0.0,0.0,0.0,0.0,1.0
drift_strong,13,0,5.0,15.0,260,260,354,0.0,26.0,35.4,0.0022559550384615382,0.002939847499999999,0.004140104700000007,0.0,0.0
drift_strong,13,1,15.0,25.0,242,23,363,0.9049586776859504,24.2,36.3,0.002434691304347826,0.004339710999999997,0.005356995600000001,0.0,0.9049586776859504
drift_strong,13,2,25.0,35.0,245,0,354,1.0,24.5,35.4,0.0,0.0,0.0,0.0,1.0
drift_strong,13,3,35.0,45.0,268,0,354,1.0,26.8,35.4,0.0,0.0,0.0,0.0,1.0
drift_strong,13,4,45.0,55.0,270,0,360,1.0,27.0,36.0,0.0,0.0,0.0,0.0,1.0
drift_strong,13,5,55.0,65.0,278,0,354,1.0,27.8,35.4,0.0,0.0,0.0,0.0,1.0
drift_strong,13,6,65.0,75.0,280,0,363,1.0,28.0,36.3,0.0,0.0,0.0,0.0,1.0
drift_strong,13,7,75.0,85.0,291,0,354,1.0,29.1,35.4,0.0,0.0,0.0,0.0,1.0
drift_strong,13,8,85.0,95.0,263,0,360,1.0,26.3,36.0,0.0,0.0,0.0,0.0,1.0
drift_strong,13,9,95.0,105.0,268,0,354,1.0,26.8,35.4,0.0,0.0,0.0,0.0,1.0
drift_strong,13,10,105.0,115.0,274,0,360,1.0,27.4,36.0,0.0,0.0,0.0,0.0,1.0
drift_strong,13,11,115.0,125.0,158,0,174,1.0,15.8,17.4,0.0,0.0,0.0,0.0,1.0
drift_strong,17,0,5.0,15.0,278,278,354,0.0,27.8,35.4,0.002324129496402878,0.003190736999999999,0.004455208800000006,0.0035971223021582736,0.0035971223021582736
drift_strong,17,1,15.0,25.0,262,18,363,0.9312977099236641,26.2,36.3,0.00214629,0.00214629,0.00214629,0.0,0.9312977099236641
drift_strong,17,2,25.0,35.0,250,0,354,1.0,25.0,35.4,0.0,0.0,0.0,0.0,1.0
drift_strong,17,3,35.0,45.0,270,0,354,1.0,27.0,35.4,0.0,0.0,0.0,0.0,1.0
drift_strong,17,4,45.0,55.0,248,0,360,1.0,24.8,36.0,0.0,0.0,0.0,0.0,1.0
drift_strong,17,5,55.0,65.0,249,0,354,1.0,24.9,35.4,0.0,0.0,0.0,0.0,1.0
drift_strong,17,6,65.0,75.0,277,0,363,1.0,27.7,36.3,0.0,0.0,0.0,0.0,1.0
drift_strong,17,7,75.0,85.0,276,0,354,1.0,27.6,35.4,0.0,0.0,0.0,0.0,1.0
drift_strong,17,8,85.0,95.0,247,0,360,1.0,24.7,36.0,0.0,0.0,0.0,0.0,1.0
drift_strong,17,9,95.0,105.0,234,0,354,1.0,23.4,35.4,0.0,0.0,0.0,0.0,1.0
drift_strong,17,10,105.0,115.0,271,0,360,1.0,27.1,36.0,0.0,0.0,0.0,0.0,1.0
drift_strong,17,11,115.0,125.0,127,0,174,1.0,12.7,17.4,0.0,0.0,0.0,0.0,1.0
drift_strong,19,0,5.0,15.0,279,279,354,0.0,27.9,35.4,0.002313668100358423,0.003432154999999997,0.004056979999999987,0.0,0.0
drift_strong,19,1,15.0,25.0,246,19,363,0.9227642276422764,24.6,36.3,0.002239211052631579,0.002671383999999998,0.0033151648000000005,0.0,0.9227642276422764
drift_strong,19,2,25.0,35.0,241,0,354,1.0,24.1,35.4,0.0,0.0,0.0,0.0,1.0
drift_strong,19,3,35.0,45.0,256,0,354,1.0,25.6,35.4,0.0,0.0,0.0,0.0,1.0
drift_strong,19,4,45.0,55.0,283,0,360,1.0,28.3,36.0,0.0,0.0,0.0,0.0,1.0
drift_strong,19,5,55.0,65.0,296,0,354,1.0,29.6,35.4,0.0,0.0,0.0,0.0,1.0
drift_strong,19,6,65.0,75.0,263,0,363,1.0,26.3,36.3,0.0,0.0,0.0,0.0,1.0
drift_strong,19,7,75.0,85.0,273,0,354,1.0,27.3,35.4,0.0,0.0,0.0,0.0,1.0
drift_strong,19,8,85.0,95.0,297,0,360,1.0,29.7,36.0,0.0,0.0,0.0,0.0,1.0
drift_strong,19,9,95.0,105.0,274,0,354,1.0,27.4,35.4,0.0,0.0,0.0,0.0,1.0
drift_strong,19,10,105.0,115.0,297,0,360,1.0,29.7,36.0,0.0,0.0,0.0,0.0,1.0
drift_strong,19,11,115.0,125.0,127,0,174,1.0,12.7,17.4,0.0,0.0,0.0,0.0,1.0
drift_strong,23,0,5.0,15.0,251,251,354,0.0,25.1,35.4,0.0023155749003984064,0.00336984,0.004370529999999999,0.00398406374501992,0.00398406374501992
drift_strong,23,1,15.0,25.0,260,21,363,0.9192307692307692,26.0,36.3,0.002264872857142857,0.00254992,0.003733448000000001,0.0,0.9192307692307692
drift_strong,23,2,25.0,35.0,271,0,354,1.0,27.1,35.4,0.0,0.0,0.0,0.0,1.0
drift_strong,23,3,35.0,45.0,294,0,354,1.0,29.4,35.4,0.0,0.0,0.0,0.0,1.0
drift_strong,23,4,45.0,55.0,269,0,360,1.0,26.9,36.0,0.0,0.0,0.0,0.0,1.0
drift_strong,23,5,55.0,65.0,254,0,354,1.0,25.4,35.4,0.0,0.0,0.0,0.0,1.0
drift_strong,23,6,65.0,75.0,286,0,363,1.0,28.6,36.3,0.0,0.0,0.0,0.0,1.0
drift_strong,23,7,75.0,85.0,266,0,354,1.0,26.6,35.4,0.0,0.0,0.0,0.0,1.0
drift_strong,23,8,85.0,95.0,252,0,360,1.0,25.2,36.0,0.0,0.0,0.0,0.0,1.0
drift_strong,23,9,95.0,105.0,274,0,354,1.0,27.4,35.4,0.0,0.0,0.0,0.0,1.0
drift_strong,23,10,105.0,115.0,250,0,360,1.0,25.0,36.0,0.0,0.0,0.0,0.0,1.0
drift_strong,23,11,115.0,125.0,124,0,174,1.0,12.4,17.4,0.0,0.0,0.0,0.0,1.0
drift_strong,29,0,5.0,15.0,291,291,354,0.0,29.1,35.4,0.0022655815463917526,0.003235315,0.004303434000000001,0.0,0.0
drift_strong,29,1,15.0,25.0,254,27,363,0.8937007874015748,25.4,36.3,0.0021730818518518515,0.002165498,0.0026684199999999986,0.0,0.8937007874015748
drift_strong,29,2,25.0,35.0,251,0,354,1.0,25.1,35.4,0.0,0.0,0.0,0.0,1.0
drift_strong,29,3,35.0,45.0,243,0,354,1.0,24.3,35.4,0.0,0.0,0.0,0.0,1.0
drift_strong,29,4,45.0,55.0,256,0,360,1.0,25.6,36.0,0.0,0.0,0.0,0.0,1.0
drift_strong,29,5,55.0,65.0,257,0,354,1.0,25.7,35.4,0.0,0.0,0.0,0.0,1.0
drift_strong,29,6,65.0,75.0,271,0,363,1.0,27.1,36.3,0.0,0.0,0.0,0.0,1.0
drift_strong,29,7,75.0,85.0,266,0,354,1.0,26.6,35.4,0.0,0.0,0.0,0.0,1.0
drift_strong,29,8,85.0,95.0,288,0,360,1.0,28.8,36.0,0.0,0.0,0.0,0.0,1.0
drift_strong,29,9,95.0,105.0,258,0,354,1.0,25.8,35.4,0.0,0.0,0.0,0.0,1.0
drift_strong,29,10,105.0,115.0,260,0,360,1.0,26.0,36.0,0.0,0.0,0.0,0.0,1.0
drift_strong,29,11,115.0,125.0,118,0,174,1.0,11.8,17.4,0.0,0.0,0.0,0.0,1.0
drift_strong,31,0,5.0,15.0,285,285,354,0.0,28.5,35.4,0.0022474386666666664,0.002917738000000001,0.00405353400000001,0.0,0.0
drift_strong,31,1,15.0,25.0,278,32,363,0.8848920863309353,27.8,36.3,0.0024313371875,0.0038281439999999995,0.004379207500000001,0.0,0.8848920863309353
drift_strong,31,2,25.0,35.0,247,0,354,1.0,24.7,35.4,0.0,0.0,0.0,0.0,1.0
drift_strong,31,3,35.0,45.0,248,0,354,1.0,24.8,35.4,0.0,0.0,0.0,0.0,1.0
drift_strong,31,4,45.0,55.0,275,0,360,1.0,27.5,36.0,0.0,0.0,0.0,0.0,1.0
drift_strong,31,5,55.0,65.0,266,0,354,1.0,26.6,35.4,0.0,0.0,0.0,0.0,1.0
drift_strong,31,6,65.0,75.0,244,0,363,1.0,24.4,36.3,0.0,0.0,0.0,0.0,1.0
drift_strong,31,7,75.0,85.0,255,0,354,1.0,25.5,35.4,0.0,0.0,0.0,0.0,1.0
drift_strong,31,8,85.0,95.0,246,0,360,1.0,24.6,36.0,0.0,0.0,0.0,0.0,1.0
drift_strong,31,9,95.0,105.0,262,0,354,1.0,26.2,35.4,0.0,0.0,0.0,0.0,1.0
drift_strong,31,10,105.0,115.0,262,0,360,1.0,26.2,36.0,0.0,0.0,0.0,0.0,1.0
drift_strong,31,11,115.0,125.0,131,0,174,1.0,13.1,17.4,0.0,0.0,0.0,0.0,1.0
drift_strong,37,0,5.0,15.0,250,250,354,0.0,25.0,35.4,0.0022952743600000002,0.003055536999999999,0.004189068499999998,0.004,0.004
drift_strong,37,1,15.0,25.0,274,29,363,0.8941605839416058,27.4,36.3,0.002319716551724138,0.00321861,0.003658481199999999,0.0,0.8941605839416058
drift_strong,37,2,25.0,35.0,279,0,354,1.0,27.9,35.4,0.0,0.0,0.0,0.0,1.0
drift_strong,37,3,35.0,45.0,258,0,354,1.0,25.8,35.4,0.0,0.0,0.0,0.0,1.0
drift_strong,37,4,45.0,55.0,237,0,360,1.0,23.7,36.0,0.0,0.0,0.0,0.0,1.0
drift_strong,37,5,55.0,65.0,275,0,354,1.0,27.5,35.4,0.0,0.0,0.0,0.0,1.0
drift_strong,37,6,65.0,75.0,271,0,363,1.0,27.1,36.3,0.0,0.0,0.0,0.0,1.0
drift_strong,37,7,75.0,85.0,281,0,354,1.0,28.1,35.4,0.0,0.0,0.0,0.0,1.0
drift_strong,37,8,85.0,95.0,281,0,360,1.0,28.1,36.0,0.0,0.0,0.0,0.0,1.0
drift_strong,37,9,95.0,105.0,267,0,354,1.0,26.7,35.4,0.0,0.0,0.0,0.0,1.0
drift_strong,37,10,105.0,115.0,279,0,360,1.0,27.9,36.0,0.0,0.0,0.0,0.0,1.0
drift_strong,37,11,115.0,125.0,125,0,174,1.0,12.5,17.4,0.0,0.0,0.0,0.0,1.0
drift_strong,41,0,5.0,15.0,280,280,354,0.0,28.0,35.4,0.002271001285714286,0.0030562335000000017,0.0042541466999999975,0.0,0.0
drift_strong,41,1,15.0,25.0,258,26,363,0.8992248062015504,25.8,36.3,0.00214629,0.00214629,0.00214629,0.0,0.8992248062015504
drift_strong,41,2,25.0,35.0,271,0,354,1.0,27.1,35.4,0.0,0.0,0.0,0.0,1.0
drift_strong,41,3,35.0,45.0,284,0,354,1.0,28.4,35.4,0.0,0.0,0.0,0.0,1.0
drift_strong,41,4,45.0,55.0,257,0,360,1.0,25.7,36.0,0.0,0.0,0.0,0.0,1.0
drift_strong,41,5,55.0,65.0,270,0,354,1.0,27.0,35.4,0.0,0.0,0.0,0.0,1.0
drift_strong,41,6,65.0,75.0,278,0,363,1.0,27.8,36.3,0.0,0.0,0.0,0.0,1.0
drift_strong,41,7,75.0,85.0,274,0,354,1.0,27.4,35.4,0.0,0.0,0.0,0.0,1.0
drift_strong,41,8,85.0,95.0,257,0,360,1.0,25.7,36.0,0.0,0.0,0.0,0.0,1.0
drift_strong,41,9,95.0,105.0,256,0,354,1.0,25.6,35.4,0.0,0.0,0.0,0.0,1.0
drift_strong,41,10,105.0,115.0,252,0,360,1.0,25.2,36.0,0.0,0.0,0.0,0.0,1.0
drift_strong,41,11,115.0,125.0,123,0,174,1.0,12.3,17.4,0.0,0.0,0.0,0.0,1.0
drift_strong,7,0,5.0,15.0,256,256,354,0.0,25.6,35.4,0.002356177421875,0.0038776675,0.0052854129999999975,0.0,0.0
drift_strong,7,1,15.0,25.0,301,23,363,0.9235880398671097,30.1,36.3,0.0022284456521739133,0.00214629,0.0036201624000000024,0.0,0.9235880398671097
drift_strong,7,2,25.0,35.0,292,0,354,1.0,29.2,35.4,0.0,0.0,0.0,0.0,1.0
drift_strong,7,3,35.0,45.0,277,0,354,1.0,27.7,35.4,0.0,0.0,0.0,0.0,1.0
drift_strong,7,4,45.0,55.0,272,0,360,1.0,27.2,36.0,0.0,0.0,0.0,0.0,1.0
drift_strong,7,5,55.0,65.0,279,0,354,1.0,27.9,35.4,0.0,0.0,0.0,0.0,1.0
drift_strong,7,6,65.0,75.0,257,0,363,1.0,25.7,36.3,0.0,0.0,0.0,0.0,1.0
drift_strong,7,7,75.0,85.0,268,0,354,1.0,26.8,35.4,0.0,0.0,0.0,0.0,1.0
drift_strong,7,8,85.0,95.0,264,0,360,1.0,26.4,36.0,0.0,0.0,0.0,0.0,1.0
drift_strong,7,9,95.0,105.0,267,0,354,1.0,26.7,35.4,0.0,0.0,0.0,0.0,1.0
drift_strong,7,10,105.0,115.0,275,0,360,1.0,27.5,36.0,0.0,0.0,0.0,0.0,1.0
drift_strong,7,11,115.0,125.0,137,0,174,1.0,13.7,17.4,0.0,0.0,0.0,0.0,1.0
load_high,11,0,5.0,15.0,1742,1742,118,0.0,174.2,11.8,0.002193986607347876,0.003960386499999997,0.005153598399999999,0.0,0.0
load_high,11,1,15.0,25.0,1952,1952,121,0.0,195.2,12.1,0.002335947556352459,0.004557787499999999,0.006357196200000002,0.0,0.0
load_high,11,2,25.0,35.0,1830,1830,118,0.0,183.0,11.8,0.002252584448087432,0.0043023895,0.005993334500000001,0.0,0.0
load_high,11,3,35.0,45.0,1937,1937,118,0.0,193.7,11.8,0.002302933092410945,0.004403184,0.005764086799999998,0.0005162622612287042,0.0005162622612287042
load_high,11,4,45.0,55.0,1864,1864,120,0.0,186.4,12.0,0.00220553027360515,0.003917267999999999,0.005301633299999999,0.0,0.0
load_high,11,5,55.0,65.0,1846,1846,118,0.0,184.6,11.8,0.0022983154225352112,0.004439735,0.006413876499999999,0.0,0.0
load_high,11,6,65.0,75.0,1932,1932,121,0.0,193.2,12.1,0.002291180631469979,0.004391875999999997,0.005883318900000002,0.0,0.0
load_high,11,7,75.0,85.0,1897,1897,118,0.0,189.7,11.8,0.0023019650342646285,0.00445561,0.0061224643999999995,0.0,0.0
load_high,11,8,85.0,95.0,1916,1916,120,0.0,191.6,12.0,0.0023011822807933197,0.0044594925,0.0058048564999999995,0.0,0.0
load_high,11,9,95.0,105.0,1818,1818,118,0.0,181.8,11.8,0.0022621193289328934,0.0043080135,0.006331998599999998,0.0,0.0
load_high,11,10,105.0,115.0,1912,1912,120,0.0,191.2,12.0,0.002315913054393305,0.0044127574999999995,0.006218817399999996,0.0005230125523012552,0.0005230125523012552
load_high,11,11,115.0,125.0,965,965,58,0.0,96.5,5.8,0.002330002,0.0044027699999999986,0.006082339200000002,0.0,0.0
load_high,13,0,5.0,15.0,1843,1843,118,0.0,184.3,11.8,0.002249180374389582,0.004247174999999998,0.005474061599999993,0.0,0.0
load_high,13,1,15.0,25.0,1864,1864,121,0.0,186.4,12.1,0.0022240433690987123,0.004123140499999999,0.005303498199999998,0.0,0.0
load_high,13,2,25.0,35.0,1745,1745,118,0.0,174.5,11.8,0.0022360725329512894,0.004205704,0.005827896799999998,0.0,0.0
load_high,13,3,35.0,45.0,1893,1893,118,0.0,189.3,11.8,0.002224729202324353,0.004197523999999996,0.005942614399999998,0.0,0.0
load_high,13,4,45.0,55.0,1823,1823,120,0.0,182.3,12.0,0.0022242198080087766,0.004108766999999999,0.0053267016,0.0,0.0
load_high,13,5,55.0,65.0,1881,1881,118,0.0,188.1,11.8,0.0022848637373737374,0.00435414,0.006036074000000001,0.0,0.0
load_high,13,6,65.0,75.0,1911,1911,121,0.0,191.1,12.1,0.0022388599372056514,0.00415243,0.005480002000000003,0.0,0.0
load_high,13,7,75.0,85.0,1879,1879,118,0.0,187.9,11.8,0.002366784944119212,0.004621909999999999,0.0068870944000000035,0.0015965939329430547,0.0015965939329430547
load_high,13,8,85.0,95.0,1860,1860,120,0.0,186.0,12.0,0.0022772339569892474,0.0043262859999999995,0.006296582300000004,0.001075268817204301,0.001075268817204301
load_high,13,9,95.0,105.0,1906,1906,118,0.0,190.6,11.8,0.0023077241028331584,0.0043857324999999996,0.006475660500000002,0.0,0.0
load_high,13,10,105.0,115.0,1882,1882,120,0.0,188.2,12.0,0.0023039482678002122,0.004415831999999994,0.0056807461,0.0,0.0
load_high,13,11,115.0,125.0,952,952,58,0.0,95.2,5.8,0.0022281814810924372,0.0040090709999999995,0.005260930400000001,0.0,0.0
load_high,17,0,5.0,15.0,1834,1833,118,0.0005452562704471031,183.4,11.8,0.0022792373267866884,0.004215619999999998,0.0060671600000000055,0.0016366612111292963,0.0021810250817884407
load_high,17,1,15.0,25.0,1815,1815,121,0.0,181.5,12.1,0.0022700051074380162,0.0043613969999999995,0.0061127575999999975,0.0005509641873278236,0.0005509641873278236
load_high,17,2,25.0,35.0,1812,1812,118,0.0,181.2,11.8,0.0022533936754966888,0.004218847499999998,0.006109663999999995,0.0,0.0
load_high,17,3,35.0,45.0,1887,1887,118,0.0,188.7,11.8,0.00220367079491256,0.003983130999999999,0.005366013999999989,0.0,0.0
load_high,17,4,45.0,55.0,1819,1819,120,0.0,181.9,12.0,0.0022507588565145687,0.004180130999999999,0.005544870599999998,0.0,0.0
load_high,17,5,55.0,65.0,1976,1976,118,0.0,197.6,11.8,0.002311700910931174,0.00451466,0.005940322499999999,0.0,0.0
load_high,17,6,65.0,75.0,1930,1930,121,0.0,193.0,12.1,0.0023598662901554404,0.0046909824999999995,0.0065009613,0.0005181347150259067,0.0005181347150259067
load_high,17,7,75.0,85.0,1893,1893,118,0.0,189.3,11.8,0.0023540572213417853,0.00468193,0.006276748799999996,0.0,0.0
load_high,17,8,85.0,95.0,1852,1852,120,0.0,185.2,12.0,0.0023058949028077758,0.0046317264999999955,0.0063730961,0.0,0.0
load_high,17,9,95.0,105.0,1820,1820,118,0.0,182.0,11.8,0.0023393392252747253,0.004623063499999998,0.006191705699999999,0.0,0.0
load_high,17,10,105.0,115.0,1853,1853,120,0.0,185.3,12.0,0.002265110383162439,0.004222721999999997,0.0061453064,0.0,0.0
load_high,17,11,115.0,125.0,904,904,58,0.0,90.4,5.8,0.0022722034513274337,0.0043415325,0.005667848400000002,0.0,0.0
load_high,19,0,5.0,15.0,1863,1862,118,0.0005367686527106841,186.3,11.8,0.00239247604726101,0.004848638,0.007225819499999998,0.0010741138560687433,0.001610305958132045
load_high,19,1,15.0,25.0,1912,1912,121,0.0,191.2,12.1,0.002281680967573222,0.004385674499999999,0.006201217099999998,0.0,0.0
load_high,19,2,25.0,35.0,1902,1902,118,0.0,190.2,11.8,0.0022480300210304944,0.004291418499999995,0.005863958900000001,0.0,0.0
load_high,19,3,35.0,45.0,1794,1794,118,0.0,179.4,11.8,0.0022284346432552954,0.004176738499999999,0.005722388199999993,0.0,0.0
load_high,19,4,45.0,55.0,1932,1932,120,0.0,193.2,12.0,0.0023121975621118013,0.004503554499999999,0.006048052000000001,0.0,0.0
load_high,19,5,55.0,65.0,1792,1792,118,0.0,179.2,11.8,0.002291376160714286,0.004441628999999996,0.005900629999999993,0.0,0.0
load_high,19,6,65.0,75.0,1908,1908,121,0.0,190.8,12.1,0.0023236644549266246,0.0044372584999999975,0.005962965500000001,0.0,0.0
load_high,19,7,75.0,85.0,1858,1858,118,0.0,185.8,11.8,0.0023318265715823465,0.004604846999999999,0.00626355380000001,0.0005382131324004305,0.0005382131324004305
load_high,19,8,85.0,95.0,1874,1874,120,0.0,187.4,12.0,0.0022986070064034154,0.004447924999999999,0.006420814199999998,0.0,0.0
load_high,19,9,95.0,105.0,1780,1780,118,0.0,178.0,11.8,0.0022676596629213485,0.004219145,0.005983023500000004,0.0,0.0
load_high,19,10,105.0,115.0,1842,1842,120,0.0,184.2,12.0,0.002257760884907709,0.004368341999999999,0.0061212899,0.0,0.0
load_high,19,11,115.0,125.0,958,958,58,0.0,95.8,5.8,0.002164344665970773,0.003831161499999999,0.005250779999999984,0.0,0.0
load_high,23,0,5.0,15.0,1884,1884,118,0.0,188.4,11.8,0.0023095618524416137,0.004494708,0.006227264400000003,0.0005307855626326964,0.0005307855626326964
load_high,23,1,15.0,25.0,1868,1868,121,0.0,186.8,12.1,0.0022460292344753745,0.0043318919999999995,0.005699419899999997,0.0,0.0
load_high,23,2,25.0,35.0,1758,1758,118,0.0,175.8,11.8,0.002269754306029579,0.004551645499999999,0.006161929400000004,0.0005688282138794084,0.0005688282138794084
load_high,23,3,35.0,45.0,1841,1841,118,0.0,184.1,11.8,0.002250011711026616,0.00432648,0.005767723999999993,0.0,0.0
load_high,23,4,45.0,55.0,1865,1865,120,0.0,186.5,12.0,0.002236616268096515,0.004189032,0.005699757599999999,0.0,0.0
load_high,23,5,55.0,65.0,1872,1872,118,0.0,187.2,11.8,0.0023525343108974357,0.0045407374999999976,0.006312640699999999,0.0005341880341880342,0.0005341880341880342
load_high,23,6,65.0,75.0,1908,1908,121,0.0,190.8,12.1,0.002299543789308176,0.004455616999999999,0.0059347473,0.0005241090146750524,0.0005241090146750524
load_high,23,7,75.0,85.0,1868,1868,118,0.0,186.8,11.8,0.002293783602783726,0.004478499999999996,0.006211880199999999,0.0,0.0
load_high,23,8,85.0,95.0,1848,1848,120,0.0,184.8,12.0,0.0022633416071428576,0.004209808499999999,0.005999323299999998,0.0,0.0
load_high,23,9,95.0,105.0,1838,1838,118,0.0,183.8,11.8,0.002273016860718172,0.004360497499999999,0.005716707199999999,0.0,0.0
load_high,23,10,105.0,115.0,1831,1831,120,0.0,183.1,12.0,0.0022937747132714364,0.004372825,0.00583087,0.0,0.0
load_high,23,11,115.0,125.0,897,897,58,0.0,89.7,5.8,0.0022313197881828318,0.004440589999999996,0.005694509999999998,0.0,0.0
load_high,29,0,5.0,15.0,1823,1823,118,0.0,182.3,11.8,0.0022800975205704882,0.004287879999999998,0.006828884199999994,0.0016456390565002743,0.0016456390565002743
load_high,29,1,15.0,25.0,1791,1791,121,0.0,179.1,12.1,0.002185453199329983,0.004034225000000001,0.005149221999999993,0.0,0.0
load_high,29,2,25.0,35.0,1801,1801,118,0.0,180.1,11.8,0.0022383053026096616,0.00415062,0.00601019,0.0,0.0
load_high,29,3,35.0,45.0,1871,1871,118,0.0,187.1,11.8,0.0022529291394975948,0.004221910000000001,0.005590779999999997,0.0,0.0
load_high,29,4,45.0,55.0,1791,1791,120,0.0,179.1,12.0,0.0022331567392518147,0.004243775,0.005736586999999998,0.0,0.0
load_high,29,5,55.0,65.0,1808,1808,118,0.0,180.8,11.8,0.0023631800884955753,0.0047533069999999965,0.006270813600000005,0.0005530973451327434,0.0005530973451327434
load_high,29,6,65.0,75.0,1870,1870,121,0.0,187.0,12.1,0.002310008219251337,0.0044663035,0.006040840499999999,0.0,0.0
load_high,29,7,75.0,85.0,1862,1862,118,0.0,186.2,11.8,0.002296510349087003,0.004320639499999999,0.005759866499999997,0.0,0.0
load_high,29,8,85.0,95.0,1832,1832,120,0.0,183.2,12.0,0.0022647185152838427,0.004232112999999997,0.0063303474,0.0005458515283842794,0.0005458515283842794
load_high,29,9,95.0,105.0,1939,1939,118,0.0,193.9,11.8,0.002271412093862816,0.004371331,0.005732710799999991,0.0,0.0
load_high,29,10,105.0,115.0,1918,1918,120,0.0,191.8,12.0,0.002314077763295099,0.004514369,0.006757122199999981,0.0,0.0
load_high,29,11,115.0,125.0,969,969,58,0.0,96.9,5.8,0.0023523576470588234,0.004559321999999994,0.006917358799999999,0.0,0.0
load_high,31,0,5.0,15.0,1843,1843,118,0.0,184.3,11.8,0.002322918106348345,0.004490238,0.006464895399999998,0.0,0.0
load_high,31,1,15.0,25.0,1829,1829,121,0.0,182.9,12.1,0.0023245039584472386,0.0045225119999999985,0.006434498800000001,0.0,0.0
load_high,31,2,25.0,35.0,1804,1804,118,0.0,180.4,11.8,0.002245966707317073,0.004264711499999999,0.0059516649000000005,0.0005543237250554324,0.0005543237250554324
load_high,31,3,35.0,45.0,1911,1911,118,0.0,191.1,11.8,0.0022563235007849293,0.00416345,0.005720170000000011,0.0,0.0
load_high,31,4,45.0,55.0,1919,1919,120,0.0,191.9,12.0,0.0023269334288692025,0.004589651999999998,0.006348530599999998,0.0,0.0
load_high,31,5,55.0,65.0,1794,1794,118,0.0,179.4,11.8,0.002245269988851728,0.004079118999999998,0.0053327020999999995,0.0,0.0
load_high,31,6,65.0,75.0,1890,1890,121,0.0,189.0,12.1,0.0022833699523809523,0.004430200499999998,0.006440747099999975,0.0005291005291005291,0.0005291005291005291
load_high,31,7,75.0,85.0,1842,1842,118,0.0,184.2,11.8,0.002212560347448425,0.003968962499999998,0.005404344299999994,0.0,0.0
load_high,31,8,85.0,95.0,1886,1886,120,0.0,188.6,12.0,0.002233142613997879,0.00406475,0.005416088000000005,0.0,0.0
load_high,31,9,95.0,105.0,1875,1875,118,0.0,187.5,11.8,0.0022929726613333335,0.00449621,0.0058719997999999995,0.0,0.0
load_high,31,10,105.0,115.0,1942,1942,120,0.0,194.2,12.0,0.0022779301802265703,0.004451265499999998,0.005976123299999996,0.001544799176107106,0.001544799176107106
load_high,31,11,115.0,125.0,881,881,58,0.0,88.1,5.8,0.002248235675368899,0.00425531,0.005512972,0.0,0.0
load_high,37,0,5.0,15.0,1844,1843,118,0.0005422993492407713,184.4,11.8,0.0022536936625067827,0.004161364999999996,0.005813694599999988,0.0010851871947911015,0.0016268980477223427
load_high,37,1,15.0,25.0,1875,1875,121,0.0,187.5,12.1,0.002284901312,0.004267379,0.005884077200000001,0.0010666666666666667,0.0010666666666666667
load_high,37,2,25.0,35.0,1837,1837,118,0.0,183.7,11.8,0.002296290909090909,0.004377609999999998,0.006101368799999998,0.0,0.0
load_high,37,3,35.0,45.0,1790,1790,118,0.0,179.0,11.8,0.002219415787709497,0.004090174,0.005618711099999996,0.0,0.0
load_high,37,4,45.0,55.0,1862,1862,120,0.0,186.2,12.0,0.002260491213748657,0.0042014229999999975,0.005595647199999986,0.0,0.0
load_high,37,5,55.0,65.0,1833,1833,118,0.0,183.3,11.8,0.0022565936606655755,0.004269995999999995,0.006350160000000007,0.0,0.0
load_high,37,6,65.0,75.0,1851,1851,121,0.0,185.1,12.1,0.002236871356023771,0.004130995,0.005511469999999999,0.0,0.0
load_high,37,7,75.0,85.0,1900,1900,118,0.0,190.0,11.8,0.0023151370842105262,0.004534767499999999,0.006222959599999998,0.0,0.0
load_high,37,8,85.0,95.0,1863,1863,120,0.0,186.3,12.0,0.002303742393988191,0.0044976,0.005985914799999992,0.0,0.0
load_high,37,9,95.0,105.0,1858,1858,118,0.0,185.8,11.8,0.0022533528310010762,0.004190675499999992,0.005723819300000002,0.0,0.0
load_high,37,10,105.0,115.0,1963,1963,120,0.0,196.3,12.0,0.002280551370351503,0.004254093,0.005816362199999997,0.0,0.0
load_high,37,11,115.0,125.0,985,985,58,0.0,98.5,5.8,0.0022794779390862946,0.004261922,0.006013760399999992,0.0,0.0
load_high,41,0,5.0,15.0,1897,1897,118,0.0,189.7,11.8,0.002257216262519768,0.004317987999999998,0.0058509656,0.0,0.0
load_high,41,1,15.0,25.0,1800,1800,121,0.0,180.0,12.1,0.0021834162666666667,0.00376889,0.0051891778999999996,0.0,0.0
load_high,41,2,25.0,35.0,1873,1873,118,0.0,187.3,11.8,0.0022883579871863322,0.004345713999999999,0.005972384,0.0005339028296849973,0.0005339028296849973
load_high,41,3,35.0,45.0,1935,1935,118,0.0,193.5,11.8,0.0022349477519379842,0.004083613,0.005629804200000001,0.0,0.0
load_high,41,4,45.0,55.0,1839,1839,120,0.0,183.9,12.0,0.002282015464926591,0.004325646999999996,0.006400954599999993,0.0,0.0
load_high,41,5,55.0,65.0,1900,1900,118,0.0,190.0,11.8,0.0022070111684210523,0.004045797,0.0053021321,0.0,0.0
load_high,41,6,65.0,75.0,1913,1913,121,0.0,191.3,12.1,0.0022975406063774177,0.004439306,0.006470440399999982,0.0005227391531625719,0.0005227391531625719
load_high,41,7,75.0,85.0,1897,1897,118,0.0,189.7,11.8,0.0023466765155508696,0.004577217999999999,0.0065642371999999945,0.0,0.0
load_high,41,8,85.0,95.0,1889,1889,120,0.0,188.9,12.0,0.0023179386924298572,0.00443161,0.0065316799999999954,0.0,0.0
load_high,41,9,95.0,105.0,1789,1789,118,0.0,178.9,11.8,0.0022583401062045835,0.004084218,0.006389348399999996,0.0,0.0
load_high,41,10,105.0,115.0,1838,1838,120,0.0,183.8,12.0,0.0022349237867247008,0.0041450774999999985,0.005628142699999991,0.0,0.0
load_high,41,11,115.0,125.0,930,930,58,0.0,93.0,5.8,0.0022541685913978495,0.004189944999999999,0.0059220819000000025,0.0,0.0
load_high,7,0,5.0,15.0,1934,1934,118,0.0,193.4,11.8,0.0023125176059979316,0.004408950499999999,0.006125656200000003,0.0,0.0
load_high,7,1,15.0,25.0,1887,1887,121,0.0,188.7,12.1,0.0022653354531001592,0.004293908999999998,0.005650794999999999,0.0,0.0
load_high,7,2,25.0,35.0,1900,1900,118,0.0,190.0,11.8,0.0022634475210526316,0.004186986999999999,0.0055960359999999995,0.0,0.0
load_high,7,3,35.0,45.0,1877,1877,118,0.0,187.7,11.8,0.0022787723974427277,0.004255741999999998,0.0054423056,0.0,0.0
load_high,7,4,45.0,55.0,1927,1927,120,0.0,192.7,12.0,0.002270206440062273,0.004183701999999997,0.0054607020000000004,0.0,0.0
load_high,7,5,55.0,65.0,1865,1865,118,0.0,186.5,11.8,0.0022837636085790885,0.004265906,0.0062058303999999835,0.0,0.0
load_high,7,6,65.0,75.0,1899,1899,121,0.0,189.9,12.1,0.0022544619852553974,0.004221747999999997,0.005553959,0.0,0.0
load_high,7,7,75.0,85.0,1885,1885,118,0.0,188.5,11.8,0.0022495507374005303,0.004199863999999999,0.0061397408000000014,0.0,0.0
load_high,7,8,85.0,95.0,1902,1902,120,0.0,190.2,12.0,0.0022717395320715037,0.0043074125,0.0060810165000000005,0.0,0.0
load_high,7,9,95.0,105.0,1841,1841,118,0.0,184.1,11.8,0.002325946892992939,0.00455558,0.006818625999999997,0.0032590983161325366,0.0032590983161325366
load_high,7,10,105.0,115.0,1857,1857,120,0.0,185.7,12.0,0.002288029229940765,0.004286669999999997,0.005887206400000002,0.0,0.0
load_high,7,11,115.0,125.0,922,922,58,0.0,92.2,5.8,0.002213699219088937,0.003896101499999999,0.005759185699999999,0.0010845986984815619,0.0010845986984815619
overall,11,0,5.0,15.0,120,120,118,0.0,12.0,11.8,0.0018340919999999998,0.00174614,0.003102465600000001,0.0,0.0
overall,11,1,15.0,25.0,126,126,121,0.0,12.6,12.1,0.0018470184126984125,0.0026055174999999996,0.00339362,0.0,0.0
overall,11,2,25.0,35.0,133,133,118,0.0,13.3,11.8,0.0017632215789473685,0.0017461499999999997,0.0020986652000000014,0.0,0.0
overall,11,3,35.0,45.0,121,121,118,0.0,12.1,11.8,0.0017630252066115702,0.00174615,0.0024248999999999994,0.0,0.0
overall,11,4,45.0,55.0,126,126,120,0.0,12.6,12.0,0.001803106349206349,0.0021827875,0.0028448225,0.0,0.0
overall,11,5,55.0,65.0,131,131,118,0.0,13.1,11.8,0.001767151145038168,0.00174616,0.0022816369999999987,0.0,0.0
overall,11,6,65.0,75.0,105,105,121,0.0,10.5,12.1,0.0017475480952380952,0.00174617,0.0017787715999999997,0.0,0.0
overall,11,7,75.0,85.0,115,115,118,0.0,11.5,11.8,0.0017616692173913042,0.00174618,0.0023300832,0.0,0.0
overall,11,8,85.0,95.0,127,127,120,0.0,12.7,12.0,0.0018012848031496063,0.0023836329999999996,0.0027689547999999995,0.0,0.0
overall,11,9,95.0,105.0,124,124,118,0.0,12.4,11.8,0.0017891785483870966,0.00174619,0.0031986344999999933,0.0,0.0
overall,11,10,105.0,115.0,128,128,120,0.0,12.8,12.0,0.001761450703125,0.00174619,0.0023582256000000018,0.0,0.0
overall,11,11,115.0,125.0,63,63,58,0.0,6.3,5.8,0.0017583268253968255,0.0017462,0.002036554200000002,0.0,0.0
overall,13,0,5.0,15.0,132,132,118,0.0,13.2,11.8,0.0018114659848484848,0.001780942999999999,0.0027387763999999998,0.0,0.0
overall,13,1,15.0,25.0,128,128,121,0.0,12.8,12.1,0.001764088515625,0.0017461400000000002,0.0022000599000000006,0.0,0.0
overall,13,2,25.0,35.0,125,125,118,0.0,12.5,11.8,0.00175125392,0.0017461500000000001,0.0018457860000000007,0.0,0.0
overall,13,3,35.0,45.0,117,117,118,0.0,11.7,11.8,0.0017642342735042734,0.00174615,0.0021402056000000007,0.0,0.0
overall,13,4,45.0,55.0,121,121,120,0.0,12.1,12.0,0.001751659173553719,0.00174616,0.0018803679999999994,0.0,0.0
overall,13,5,55.0,65.0,124,124,118,0.0,12.4,11.8,0.001780529435483871,0.00174616,0.0030752646999999958,0.0,0.0
overall,13,6,65.0,75.0,134,134,121,0.0,13.4,12.1,0.0017864824626865673,0.00174617,0.0032135853999999955,0.0,0.0
overall,13,7,75.0,85.0,134,134,118,0.0,13.4,11.8,0.0018004880597014925,0.0020357709999999983,0.0030178404999999997,0.0,0.0
overall,13,8,85.0,95.0,137,137,120,0.0,13.7,12.0,0.0017884284671532847,0.0019196499999999995,0.0027620591999999947,0.0,0.0
overall,13,9,95.0,105.0,133,133,118,0.0,13.3,11.8,0.0017837260902255638,0.00174619,0.0029111460000000007,0.0,0.0
overall,13,10,105.0,115.0,140,140,120,0.0,14.0,12.0,0.0017571634285714285,0.0017461904999999998,0.0020648877999999986,0.0,0.0
overall,13,11,115.0,125.0,79,79,58,0.0,7.9,5.8,0.0017561844303797469,0.0017462,0.001919749199999999,0.0,0.0
overall,17,0,5.0,15.0,150,150,118,0.0,15.0,11.8,0.0018511606,0.002028984499999998,0.0028724397,0.006666666666666667,0.006666666666666667
overall,17,1,15.0,25.0,128,128,121,0.0,12.8,12.1,0.001770500390625,0.0017461400000000002,0.002440915900000001,0.0,0.0
overall,17,2,25.0,35.0,139,139,118,0.0,13.9,11.8,0.0017770930215827339,0.0017554429999999993,0.0027780694000000042,0.0,0.0
overall,17,3,35.0,45.0,123,123,118,0.0,12.3,11.8,0.0017644954471544715,0.00174615,0.0022560839999999998,0.0,0.0
overall,17,4,45.0,55.0,124,124,120,0.0,12.4,12.0,0.0017722404838709676,0.00174616,0.0027871751999999964,0.0,0.0
overall,17,5,55.0,65.0,126,126,118,0.0,12.6,11.8,0.0017585461904761905,0.00174616,0.0021664625000000002,0.0,0.0
overall,17,6,65.0,75.0,152,152,121,0.0,15.2,12.1,0.0017602892763157894,0.00174617,0.0022072633000000024,0.0,0.0
overall,17,7,75.0,85.0,118,118,118,0.0,11.8,11.8,0.001796427033898305,0.0020499814999999995,0.003188760999999999,0.0,0.0
overall,17,8,85.0,95.0,136,136,120,0.0,13.6,12.0,0.001778051911764706,0.00174618,0.0029066000000000014,0.0,0.0
overall,17,9,95.0,105.0,112,112,118,0.0,11.2,11.8,0.0018221226785714285,0.00174619,0.0034330326999999997,0.0,0.0
overall,17,10,105.0,115.0,114,114,120,0.0,11.4,12.0,0.0017568687719298245,0.00174619,0.0017462,0.0,0.0
overall,17,11,115.0,125.0,60,60,58,0.0,6.0,5.8,0.0017557025,0.0017462,0.0020079639999999992,0.0,0.0
overall,19,0,5.0,15.0,143,143,118,0.0,14.3,11.8,0.001845314895104895,0.0020896560000000005,0.0031787624000000087,0.0,0.0
overall,19,1,15.0,25.0,136,136,121,0.0,13.6,12.1,0.001762255882352941,0.00174614,0.002307231000000001,0.0,0.0
overall,19,2,25.0,35.0,124,124,118,0.0,12.4,11.8,0.0017705603225806452,0.00174615,0.0022246515999999996,0.0,0.0
overall,19,3,35.0,45.0,122,122,118,0.0,12.2,11.8,0.00176799,0.00174615,0.0025185030999999975,0.0,0.0
overall,19,4,45.0,55.0,125,125,120,0.0,12.5,12.0,0.0018046327200000002,0.00174616,0.0031739920000000013,0.0,0.0
overall,19,5,55.0,65.0,116,116,118,0.0,11.6,11.8,0.0018042579310344829,0.0022280475,0.0029421204999999988,0.0,0.0
overall,19,6,65.0,75.0,119,119,121,0.0,11.9,12.1,0.0017685852941176472,0.00174617,0.0025887883999999957,0.0,0.0
overall,19,7,75.0,85.0,137,137,118,0.0,13.7,11.8,0.001778903211678832,0.00174618,0.003014950399999988,0.0,0.0
overall,19,8,85.0,95.0,147,147,120,0.0,14.7,12.0,0.0017766330612244898,0.0018069639999999999,0.002673303599999999,0.0,0.0
overall,19,9,95.0,105.0,136,136,118,0.0,13.6,11.8,0.0017964947794117648,0.0019680550000000002,0.003258820000000002,0.0,0.0
overall,19,10,105.0,115.0,154,154,120,0.0,15.4,12.0,0.0017899385064935065,0.0017462,0.0030015573999999995,0.0,0.0
overall,19,11,115.0,125.0,74,74,58,0.0,7.4,5.8,0.0017678617567567568,0.0017462,0.0023602266999999968,0.0,0.0
overall,23,0,5.0,15.0,116,116,118,0.0,11.6,11.8,0.001881985172413793,0.0022218825000000003,0.0034924269999999998,0.008620689655172414,0.008620689655172414
overall,23,1,15.0,25.0,135,135,121,0.0,13.5,12.1,0.0017753226666666667,0.00174614,0.0025590666,0.0,0.0
overall,23,2,25.0,35.0,153,153,118,0.0,15.3,11.8,0.0017855469281045752,0.00174615,0.0031719135999999943,0.0,0.0
overall,23,3,35.0,45.0,107,107,118,0.0,10.7,11.8,0.0017634514953271028,0.0017461500000000001,0.0020384929999999997,0.0,0.0
overall,23,4,45.0,55.0,132,132,120,0.0,13.2,12.0,0.0017590711363636364,0.00174616,0.0021823326999999993,0.0,0.0
overall,23,5,55.0,65.0,139,139,118,0.0,13.9,11.8,0.0017802129496402878,0.00174616,0.003166793800000005,0.0,0.0
overall,23,6,65.0,75.0,156,156,121,0.0,15.6,12.1,0.0017994883974358973,0.0018024375,0.0034784099999999986,0.0,0.0
overall,23,7,75.0,85.0,138,138,118,0.0,13.8,11.8,0.0017891160869565217,0.00174618,0.003110424899999997,0.0,0.0
overall,23,8,85.0,95.0,134,134,120,0.0,13.4,12.0,0.0018070364925373134,0.0021291699999999975,0.0030812166999999993,0.0,0.0
overall,23,9,95.0,105.0,135,135,118,0.0,13.5,11.8,0.0017767540740740739,0.00174619,0.0024796387999999996,0.0,0.0
overall,23,10,105.0,115.0,124,124,120,0.0,12.4,12.0,0.0017720824999999999,0.0017461985,0.002584189299999999,0.0,0.0
overall,23,11,115.0,125.0,70,70,58,0.0,7.0,5.8,0.0017752117142857142,0.0018213639999999998,0.0025191750000000002,0.0,0.0
overall,29,0,5.0,15.0,156,156,118,0.0,15.6,11.8,0.0017998901282051283,0.00177312,0.0031673384999999997,0.0,0.0
overall,29,1,15.0,25.0,135,135,121,0.0,13.5,12.1,0.0017969356296296296,0.0018208669999999992,0.0032970939999999987,0.0,0.0
overall,29,2,25.0,35.0,135,135,118,0.0,13.5,11.8,0.0017880979259259258,0.00174615,0.0029547742,0.0,0.0
overall,29,3,35.0,45.0,119,119,118,0.0,11.9,11.8,0.0017937029411764706,0.0018612329999999984,0.0029192639999999974,0.0,0.0
overall,29,4,45.0,55.0,115,115,120,0.0,11.5,12.0,0.0017637194782608697,0.00174616,0.0022840877999999996,0.0,0.0
overall,29,5,55.0,65.0,136,136,118,0.0,13.6,11.8,0.0017682975,0.00174616,0.0026469565,0.0,0.0
overall,29,6,65.0,75.0,118,118,121,0.0,11.8,12.1,0.0017820683898305083,0.00174617,0.003312237599999998,0.0,0.0
overall,29,7,75.0,85.0,125,125,118,0.0,12.5,11.8,0.00180313608,0.0019460819999999998,0.003359026,0.0,0.0
overall,29,8,85.0,95.0,134,134,120,0.0,13.4,12.0,0.0017525885074626865,0.00174618,0.0019013033999999997,0.0,0.0
overall,29,9,95.0,105.0,122,122,118,0.0,12.2,11.8,0.001783176557377049,0.00174619,0.003219442399999991,0.0,0.0
overall,29,10,105.0,115.0,143,143,120,0.0,14.3,12.0,0.001761880979020979,0.00174619,0.0023014044000000014,0.0,0.0
overall,29,11,115.0,125.0,59,59,58,0.0,5.9,5.8,0.0017838450847457628,0.0017462,0.002838905,0.0,0.0
overall,31,0,5.0,15.0,150,150,118,0.0,15.0,11.8,0.0017786041999999999,0.00174614,0.002893635099999988,0.0,0.0
overall,31,1,15.0,25.0,135,135,121,0.0,13.5,12.1,0.0017946445185185185,0.0019009089999999995,0.0030390611999999975,0.0,0.0
overall,31,2,25.0,35.0,144,144,118,0.0,14.4,11.8,0.0017979600694444445,0.0021922834999999986,0.0028728604,0.0,0.0
overall,31,3,35.0,45.0,134,134,118,0.0,13.4,11.8,0.0017483087313432835,0.0017461500000000001,0.00174615,0.0,0.0
overall,31,4,45.0,55.0,123,123,120,0.0,12.3,12.0,0.0017762969105691055,0.00174616,0.0026818070000000005,0.0,0.0
overall,31,5,55.0,65.0,124,124,118,0.0,12.4,11.8,0.0017788020161290323,0.00174616,0.002911577399999997,0.0,0.0
overall,31,6,65.0,75.0,118,118,121,0.0,11.8,12.1,0.0017639910169491525,0.00174617,0.0020785434999999993,0.0,0.0
overall,31,7,75.0,85.0,130,130,118,0.0,13.0,11.8,0.0018016773846153847,0.0021873385,0.0031654854999999967,0.0,0.0
overall,31,8,85.0,95.0,136,136,120,0.0,13.6,12.0,0.0017670519852941175,0.00174618,0.0023335875000000017,0.0,0.0
overall,31,9,95.0,105.0,139,139,118,0.0,13.9,11.8,0.0017824120143884892,0.00174619,0.003011930600000001,0.0,0.0
overall,31,10,105.0,115.0,129,129,120,0.0,12.9,12.0,0.0017852150387596898,0.0017462,0.0030862583999999994,0.0,0.0
overall,31,11,115.0,125.0,75,75,58,0.0,7.5,5.8,0.0018010869333333335,0.0018725359999999989,0.0031920208000000023,0.0,0.0
overall,37,0,5.0,15.0,114,114,118,0.0,11.4,11.8,0.0018340401754385965,0.00174614,0.003177778300000007,0.008771929824561403,0.008771929824561403
overall,37,1,15.0,25.0,136,136,121,0.0,13.6,12.1,0.0017657673529411764,0.00174614,0.0024874660000000015,0.0,0.0
overall,37,2,25.0,35.0,133,133,118,0.0,13.3,11.8,0.0017644814285714286,0.0017461499999999997,0.002350634400000001,0.0,0.0
overall,37,3,35.0,45.0,141,141,118,0.0,14.1,11.8,0.001763084255319149,0.00174615,0.0022944699999999994,0.0,0.0
overall,37,4,45.0,55.0,142,142,120,0.0,14.2,12.0,0.0017732349295774645,0.00174616,0.0026295338000000023,0.0,0.0
overall,37,5,55.0,65.0,137,137,118,0.0,13.7,11.8,0.0017681182481751826,0.001757112,0.0022263295999999993,0.0,0.0
overall,37,6,65.0,75.0,133,133,121,0.0,13.3,12.1,0.0017646954887218045,0.00174617,0.002325203600000006,0.0,0.0
overall,37,7,75.0,85.0,125,125,118,0.0,12.5,11.8,0.00175229208,0.00174618,0.0018639048000000003,0.0,0.0
overall,37,8,85.0,95.0,126,126,120,0.0,12.6,12.0,0.0017609457936507936,0.00174618,0.002234275,0.0,0.0
overall,37,9,95.0,105.0,111,111,118,0.0,11.1,11.8,0.0017543267567567565,0.00174619,0.00174619,0.0,0.0
overall,37,10,105.0,115.0,142,142,120,0.0,14.2,12.0,0.0018144378169014086,0.0022321029999999996,0.003126133100000001,0.0,0.0
overall,37,11,115.0,125.0,68,68,58,0.0,6.8,5.8,0.0017667104411764705,0.0017682544999999999,0.0022916270999999992,0.0,0.0
overall,41,0,5.0,15.0,132,132,118,0.0,13.2,11.8,0.0018145820454545454,0.00174614,0.003131201299999998,0.0,0.0
overall,41,1,15.0,25.0,148,148,121,0.0,14.8,12.1,0.0017930580405405407,0.0018290675000000001,0.0033555184,0.0,0.0
overall,41,2,25.0,35.0,131,131,118,0.0,13.1,11.8,0.0017764935877862594,0.00174615,0.002706252999999993,0.0,0.0
overall,41,3,35.0,45.0,127,127,118,0.0,12.7,11.8,0.0017689797637795274,0.0017461500000000001,0.0026095356,0.0,0.0
overall,41,4,45.0,55.0,139,139,120,0.0,13.9,12.0,0.0017598776258992805,0.00174616,0.0019577488,0.0,0.0
overall,41,5,55.0,65.0,132,132,118,0.0,13.2,11.8,0.0017796656818181817,0.00174616,0.002994278799999998,0.0,0.0
overall,41,6,65.0,75.0,129,129,121,0.0,12.9,12.1,0.0017647843410852715,0.00174617,0.0025115283999999996,0.0,0.0
overall,41,7,75.0,85.0,155,155,118,0.0,15.5,11.8,0.0018105869032258063,0.002023553999999998,0.003476218800000001,0.0,0.0
overall,41,8,85.0,95.0,126,126,120,0.0,12.6,12.0,0.0017491738888888888,0.00174618,0.00174618,0.0,0.0
overall,41,9,95.0,105.0,131,131,118,0.0,13.1,11.8,0.0017746276335877862,0.00174619,0.002496173,0.0,0.0
overall,41,10,105.0,115.0,138,138,120,0.0,13.8,12.0,0.0017788659420289856,0.0017905625000000016,0.0025346809999999996,0.0,0.0
overall,41,11,115.0,125.0,58,58,58,0.0,5.8,5.8,0.0018108625862068965,0.0021325115,0.0031168578999999997,0.0,0.0
overall,7,0,5.0,15.0,114,114,118,0.0,11.4,11.8,0.0018474092105263157,0.0023211689999999975,0.0034913295000000002,0.0,0.0
overall,7,1,15.0,25.0,142,142,121,0.0,14.2,12.1,0.0018129613380281691,0.002153409999999999,0.0032254317000000006,0.0,0.0
overall,7,2,25.0,35.0,135,135,118,0.0,13.5,11.8,0.0017990031111111112,0.001754598,0.003325190199999998,0.0,0.0
overall,7,3,35.0,45.0,166,166,118,0.0,16.6,11.8,0.0018381486144578314,0.0026425725,0.003333060999999999,0.0,0.0
overall,7,4,45.0,55.0,145,145,120,0.0,14.5,12.0,0.0017782975862068965,0.00174616,0.0027394524000000013,0.0,0.0
overall,7,5,55.0,65.0,147,147,118,0.0,14.7,11.8,0.0017637167346938778,0.00174616,0.0022240837999999976,0.0,0.0
overall,7,6,65.0,75.0,134,134,121,0.0,13.4,12.1,0.001768640447761194,0.00174617,0.0023377160999999962,0.0,0.0
overall,7,7,75.0,85.0,143,143,118,0.0,14.3,11.8,0.0017738376223776226,0.00174618,0.0028695776000000114,0.0,0.0
overall,7,8,85.0,95.0,140,140,120,0.0,14.0,12.0,0.0018158891428571428,0.0022265774999999993,0.0033842678999999984,0.0,0.0
overall,7,9,95.0,105.0,132,132,118,0.0,13.2,11.8,0.0017600759090909092,0.00174619,0.0019171995999999994,0.0,0.0
overall,7,10,105.0,115.0,160,160,120,0.0,16.0,12.0,0.0017873941875,0.0017514709999999982,0.0031161148,0.0,0.0
overall,7,11,115.0,125.0,69,69,58,0.0,6.9,5.8,0.0017549542028985508,0.0017462,0.0020224452,0.0,0.0
traffic_mix_c2_heavy,11,0,5.0,15.0,105,105,118,0.0,10.5,11.8,0.0018410341904761904,0.00174614,0.0031323507999999954,0.0,0.0
traffic_mix_c2_heavy,11,1,15.0,25.0,124,124,121,0.0,12.4,12.1,0.0018248912096774192,0.002401807999999999,0.0034347424999999995,0.0,0.0
traffic_mix_c2_heavy,11,2,25.0,35.0,119,119,118,0.0,11.9,11.8,0.001777066974789916,0.0017567249999999993,0.0025061001999999995,0.0,0.0
traffic_mix_c2_heavy,11,3,35.0,45.0,107,107,118,0.0,10.7,11.8,0.0017541633644859813,0.0017461500000000001,0.0020603449999999995,0.0,0.0
traffic_mix_c2_heavy,11,4,45.0,55.0,108,108,120,0.0,10.8,12.0,0.001771683888888889,0.00174616,0.0026754511999999998,0.0,0.0
traffic_mix_c2_heavy,11,5,55.0,65.0,125,125,118,0.0,12.5,11.8,0.0017562108,0.00174616,0.002132428800000001,0.0,0.0
traffic_mix_c2_heavy,11,6,65.0,75.0,94,94,121,0.0,9.4,12.1,0.0017665877659574468,0.00174617,0.0020646583999999898,0.0,0.0
traffic_mix_c2_heavy,11,7,75.0,85.0,99,99,118,0.0,9.9,11.8,0.0017612598989898988,0.00174617,0.0022984509999999982,0.0,0.0
traffic_mix_c2_heavy,11,8,85.0,95.0,109,109,120,0.0,10.9,12.0,0.0017559815596330274,0.00174618,0.0020596976000000007,0.0,0.0
traffic_mix_c2_heavy,11,9,95.0,105.0,114,114,118,0.0,11.4,11.8,0.0018024320175438597,0.0023574175,0.0027357224000000013,0.0,0.0
traffic_mix_c2_heavy,11,10,105.0,115.0,111,111,120,0.0,11.1,12.0,0.001794855135135135,0.00174619,0.0033469280000000064,0.0,0.0
traffic_mix_c2_heavy,11,11,115.0,125.0,64,64,58,0.0,6.4,5.8,0.00175873203125,0.0017461999999999998,0.002042649799999999,0.0,0.0
traffic_mix_c2_heavy,13,0,5.0,15.0,118,118,118,0.0,11.8,11.8,0.0018164533050847457,0.0019181709999999991,0.002718489,0.0,0.0
traffic_mix_c2_heavy,13,1,15.0,25.0,121,121,121,0.0,12.1,12.1,0.001755887685950413,0.00174614,0.0020850279999999988,0.0,0.0
traffic_mix_c2_heavy,13,2,25.0,35.0,109,109,118,0.0,10.9,11.8,0.0017502670642201834,0.00174615,0.0018054944,0.0,0.0
traffic_mix_c2_heavy,13,3,35.0,45.0,113,113,118,0.0,11.3,11.8,0.0017730697345132742,0.001786981999999999,0.0024712383999999977,0.0,0.0
traffic_mix_c2_heavy,13,4,45.0,55.0,97,97,120,0.0,9.7,12.0,0.0017624319587628866,0.00174616,0.0022835511999999996,0.0,0.0
traffic_mix_c2_heavy,13,5,55.0,65.0,112,112,118,0.0,11.2,11.8,0.0017530270535714286,0.00174616,0.0020176278,0.0,0.0
traffic_mix_c2_heavy,13,6,65.0,75.0,127,127,121,0.0,12.7,12.1,0.001805398503937008,0.0019893509999999994,0.0033045917999999994,0.0,0.0
traffic_mix_c2_heavy,13,7,75.0,85.0,107,107,118,0.0,10.7,11.8,0.001786762710280374,0.0019341739999999986,0.003201902599999997,0.0,0.0
traffic_mix_c2_heavy,13,8,85.0,95.0,126,126,120,0.0,12.6,12.0,0.001772711507936508,0.00174618,0.0027679924999999997,0.0,0.0
traffic_mix_c2_heavy,13,9,95.0,105.0,122,122,118,0.0,12.2,11.8,0.001778065737704918,0.0018569739999999987,0.0025796503999999986,0.0,0.0
traffic_mix_c2_heavy,13,10,105.0,115.0,124,124,120,0.0,12.4,12.0,0.001784777741935484,0.00174619,0.0028642217999999995,0.0,0.0
traffic_mix_c2_heavy,13,11,115.0,125.0,58,58,58,0.0,5.8,5.8,0.0017461987931034484,0.0017462,0.0017462,0.0,0.0
traffic_mix_c2_heavy,17,0,5.0,15.0,135,135,118,0.0,13.5,11.8,0.0018453664444444445,0.0018347579999999993,0.002655095399999999,0.007407407407407408,0.007407407407407408
traffic_mix_c2_heavy,17,1,15.0,25.0,120,120,121,0.0,12.0,12.1,0.0017625325,0.00174614,0.0020359661000000006,0.0,0.0
traffic_mix_c2_heavy,17,2,25.0,35.0,118,118,118,0.0,11.8,11.8,0.0017802054237288135,0.00174615,0.0029211540999999983,0.0,0.0
traffic_mix_c2_heavy,17,3,35.0,45.0,109,109,118,0.0,10.9,11.8,0.001754642110091743,0.00174615,0.0021287440000000006,0.0,0.0
traffic_mix_c2_heavy,17,4,45.0,55.0,130,130,120,0.0,13.0,12.0,0.001764731153846154,0.00174616,0.0024236398999999973,0.0,0.0
traffic_mix_c2_heavy,17,5,55.0,65.0,97,97,118,0.0,9.7,11.8,0.0017622982474226807,0.00174616,0.0020777567999999925,0.0,0.0
traffic_mix_c2_heavy,17,6,65.0,75.0,126,126,121,0.0,12.6,12.1,0.0017530455555555555,0.00174617,0.00195863,0.0,0.0
traffic_mix_c2_heavy,17,7,75.0,85.0,125,125,118,0.0,12.5,11.8,0.00176374768,0.00174618,0.0020737432000000004,0.0,0.0
traffic_mix_c2_heavy,17,8,85.0,95.0,117,117,120,0.0,11.7,12.0,0.0017874564102564102,0.0017690799999999986,0.0030557284000000016,0.0,0.0
traffic_mix_c2_heavy,17,9,95.0,105.0,119,119,118,0.0,11.9,11.8,0.0017814282352941178,0.0017579799999999993,0.0026383585999999993,0.0,0.0
traffic_mix_c2_heavy,17,10,105.0,115.0,102,102,120,0.0,10.2,12.0,0.0017727767647058824,0.00174619,0.002774934799999997,0.0,0.0
traffic_mix_c2_heavy,17,11,115.0,125.0,47,47,58,0.0,4.7,5.8,0.001866224255319149,0.0021821459999999985,0.004271072199999998,0.0,0.0
traffic_mix_c2_heavy,19,0,5.0,15.0,132,132,118,0.0,13.2,11.8,0.001842851590909091,0.0017586949999999998,0.003244767499999999,0.0,0.0
traffic_mix_c2_heavy,19,1,15.0,25.0,126,126,121,0.0,12.6,12.1,0.001771471507936508,0.00174614,0.002473365,0.0,0.0
traffic_mix_c2_heavy,19,2,25.0,35.0,97,97,118,0.0,9.7,11.8,0.0017488307216494846,0.00174615,0.001756576399999998,0.0,0.0
traffic_mix_c2_heavy,19,3,35.0,45.0,128,128,118,0.0,12.8,11.8,0.001770269609375,0.0017461499999999997,0.0025377918000000005,0.0,0.0
traffic_mix_c2_heavy,19,4,45.0,55.0,110,110,120,0.0,11.0,12.0,0.0017983634545454545,0.002083785,0.0028871048999999996,0.0,0.0
traffic_mix_c2_heavy,19,5,55.0,65.0,102,102,118,0.0,10.2,11.8,0.001776897843137255,0.0018013739999999993,0.0023815568999999985,0.0,0.0
traffic_mix_c2_heavy,19,6,65.0,75.0,104,104,121,0.0,10.4,12.1,0.0017824997115384615,0.00174617,0.0028150419,0.0,0.0
traffic_mix_c2_heavy,19,7,75.0,85.0,110,110,118,0.0,11.0,11.8,0.0017832998181818182,0.0018271124999999994,0.0025726171999999998,0.0,0.0
traffic_mix_c2_heavy,19,8,85.0,95.0,123,123,120,0.0,12.3,12.0,0.001776209268292683,0.00174618,0.003037456200000001,0.0,0.0
traffic_mix_c2_heavy,19,9,95.0,105.0,137,137,118,0.0,13.7,11.8,0.0017857214598540146,0.0019797239999999995,0.002655982399999998,0.0,0.0
traffic_mix_c2_heavy,19,10,105.0,115.0,121,121,120,0.0,12.1,12.0,0.0017835287603305784,0.0017462,0.002865977999999998,0.0,0.0
traffic_mix_c2_heavy,19,11,115.0,125.0,75,75,58,0.0,7.5,5.8,0.0017914508,0.0017461999999999998,0.003124483600000002,0.0,0.0
traffic_mix_c2_heavy,23,0,5.0,15.0,100,100,118,0.0,10.0,11.8,0.0018914284,0.0019108354999999987,0.0036107446000000383,0.01,0.01
traffic_mix_c2_heavy,23,1,15.0,25.0,121,121,121,0.0,12.1,12.1,0.0017739824793388428,0.00174614,0.0023379279999999995,0.0,0.0
traffic_mix_c2_heavy,23,2,25.0,35.0,135,135,118,0.0,13.5,11.8,0.001791989037037037,0.001838279,0.0031956127999999973,0.0,0.0
traffic_mix_c2_heavy,23,3,35.0,45.0,111,111,118,0.0,11.1,11.8,0.0017656646846846847,0.00174615,0.0020374420000000013,0.0,0.0
traffic_mix_c2_heavy,23,4,45.0,55.0,108,108,120,0.0,10.8,12.0,0.001759909537037037,0.00174616,0.002258348199999996,0.0,0.0
traffic_mix_c2_heavy,23,5,55.0,65.0,128,128,118,0.0,12.8,11.8,0.001776632265625,0.00174616,0.0028369606000000027,0.0,0.0
traffic_mix_c2_heavy,23,6,65.0,75.0,140,140,121,0.0,14.0,12.1,0.0017688342142857143,0.00174617,0.002256683899999997,0.0,0.0
traffic_mix_c2_heavy,23,7,75.0,85.0,123,123,118,0.0,12.3,11.8,0.0018077376422764228,0.0018214919999999992,0.0035315912000000002,0.0,0.0
traffic_mix_c2_heavy,23,8,85.0,95.0,118,118,120,0.0,11.8,12.0,0.0017849745762711865,0.00174618,0.0032778793999999984,0.0,0.0
traffic_mix_c2_heavy,23,9,95.0,105.0,126,126,118,0.0,12.6,11.8,0.0018116562698412698,0.0023587725,0.0030354099999999997,0.0,0.0
traffic_mix_c2_heavy,23,10,105.0,115.0,119,119,120,0.0,11.9,12.0,0.0017655026050420167,0.00174619,0.0023120341999999993,0.0,0.0
traffic_mix_c2_heavy,23,11,115.0,125.0,57,57,58,0.0,5.7,5.8,0.001790746842105263,0.0018508799999999979,0.0027131399999999984,0.0,0.0
traffic_mix_c2_heavy,29,0,5.0,15.0,140,140,118,0.0,14.0,11.8,0.0017966537142857144,0.00174614,0.0031364433999999984,0.0,0.0
traffic_mix_c2_heavy,29,1,15.0,25.0,127,127,121,0.0,12.7,12.1,0.0017765711023622047,0.00174614,0.0024980043999999974,0.0,0.0
traffic_mix_c2_heavy,29,2,25.0,35.0,108,108,118,0.0,10.8,11.8,0.0017868407407407407,0.0017461499999999997,0.003087568299999999,0.0,0.0
traffic_mix_c2_heavy,29,3,35.0,45.0,124,124,118,0.0,12.4,11.8,0.0018127574193548387,0.0022411409999999994,0.0033537889999999985,0.0,0.0
traffic_mix_c2_heavy,29,4,45.0,55.0,104,104,120,0.0,10.4,12.0,0.00176056625,0.00174616,0.0020428842,0.0,0.0
traffic_mix_c2_heavy,29,5,55.0,65.0,112,112,118,0.0,11.2,11.8,0.001762826517857143,0.001754692,0.0022257676000000002,0.0,0.0
traffic_mix_c2_heavy,29,6,65.0,75.0,120,120,121,0.0,12.0,12.1,0.0017961850833333333,0.00174617,0.003355744700000002,0.0,0.0
traffic_mix_c2_heavy,29,7,75.0,85.0,101,101,118,0.0,10.1,11.8,0.0017692605940594058,0.00174618,0.00257812,0.0,0.0
traffic_mix_c2_heavy,29,8,85.0,95.0,116,116,120,0.0,11.6,12.0,0.0017869535344827584,0.00174618,0.0032171994999999963,0.0,0.0
traffic_mix_c2_heavy,29,9,95.0,105.0,121,121,118,0.0,12.1,11.8,0.0017547582644628096,0.00174619,0.0021475739999999984,0.0,0.0
traffic_mix_c2_heavy,29,10,105.0,115.0,105,105,120,0.0,10.5,12.0,0.0017734880952380953,0.0017599199999999999,0.0022015499999999987,0.0,0.0
traffic_mix_c2_heavy,29,11,115.0,125.0,71,71,58,0.0,7.1,5.8,0.0017704453521126763,0.0017462,0.002262652999999995,0.0,0.0
traffic_mix_c2_heavy,31,0,5.0,15.0,135,135,118,0.0,13.5,11.8,0.0017720388148148149,0.00174614,0.0023017103999999995,0.0,0.0
traffic_mix_c2_heavy,31,1,15.0,25.0,128,128,121,0.0,12.8,12.1,0.001776457578125,0.0017461400000000002,0.002813095500000003,0.0,0.0
traffic_mix_c2_heavy,31,2,25.0,35.0,137,137,118,0.0,13.7,11.8,0.0017880878832116788,0.00174615,0.0028502895999999982,0.0,0.0
traffic_mix_c2_heavy,31,3,35.0,45.0,102,102,118,0.0,10.2,11.8,0.0017489197058823528,0.00174615,0.00174615,0.0,0.0
traffic_mix_c2_heavy,31,4,45.0,55.0,122,122,120,0.0,12.2,12.0,0.0017713390163934426,0.00174616,0.0026247769999999996,0.0,0.0
traffic_mix_c2_heavy,31,5,55.0,65.0,109,109,118,0.0,10.9,11.8,0.0017749550458715597,0.00174616,0.0029363216000000024,0.0,0.0
traffic_mix_c2_heavy,31,6,65.0,75.0,110,110,121,0.0,11.0,12.1,0.0017819718181818181,0.00174617,0.003279781099999996,0.0,0.0
traffic_mix_c2_heavy,31,7,75.0,85.0,109,109,118,0.0,10.9,11.8,0.0017578751376146789,0.00174618,0.0023200944000000014,0.0,0.0
traffic_mix_c2_heavy,31,8,85.0,95.0,113,113,120,0.0,11.3,12.0,0.0017887942477876105,0.0019162879999999986,0.0027553895999999985,0.0,0.0
traffic_mix_c2_heavy,31,9,95.0,105.0,129,129,118,0.0,12.9,11.8,0.0017764017054263564,0.001762558,0.0024236944,0.0,0.0
traffic_mix_c2_heavy,31,10,105.0,115.0,121,121,120,0.0,12.1,12.0,0.001787066694214876,0.0017462,0.002926606,0.0,0.0
traffic_mix_c2_heavy,31,11,115.0,125.0,68,68,58,0.0,6.8,5.8,0.0018130367647058825,0.0020837075,0.0031235264,0.0,0.0
traffic_mix_c2_heavy,37,0,5.0,15.0,105,105,118,0.0,10.5,11.8,0.0018420962857142859,0.00174614,0.0033048851999999914,0.009523809523809525,0.009523809523809525
traffic_mix_c2_heavy,37,1,15.0,25.0,119,119,121,0.0,11.9,12.1,0.001759174537815126,0.00174614,0.002031176999999999,0.0,0.0
traffic_mix_c2_heavy,37,2,25.0,35.0,129,129,118,0.0,12.9,11.8,0.001775890465116279,0.001749414,0.002624188,0.0,0.0
traffic_mix_c2_heavy,37,3,35.0,45.0,113,113,118,0.0,11.3,11.8,0.0017550776991150441,0.0017461499999999997,0.0020425163999999987,0.0,0.0
traffic_mix_c2_heavy,37,4,45.0,55.0,130,130,120,0.0,13.0,12.0,0.0017993046923076921,0.001994962,0.003302220799999995,0.0,0.0
traffic_mix_c2_heavy,37,5,55.0,65.0,124,124,118,0.0,12.4,11.8,0.0017545993548387098,0.00174616,0.0019928294999999987,0.0,0.0
traffic_mix_c2_heavy,37,6,65.0,75.0,125,125,121,0.0,12.5,12.1,0.00176640384,0.00174617,0.0020734964000000003,0.0,0.0
traffic_mix_c2_heavy,37,7,75.0,85.0,122,122,118,0.0,12.2,11.8,0.0017891872950819671,0.001915222999999998,0.0026238194999999996,0.0,0.0
traffic_mix_c2_heavy,37,8,85.0,95.0,106,106,120,0.0,10.6,12.0,0.001750261320754717,0.00174618,0.00174618,0.0,0.0
traffic_mix_c2_heavy,37,9,95.0,105.0,114,114,118,0.0,11.4,11.8,0.001761475789473684,0.00174619,0.002133354400000001,0.0,0.0
traffic_mix_c2_heavy,37,10,105.0,115.0,100,100,120,0.0,10.0,12.0,0.0017513435,0.00174619,0.0017513532000000027,0.0,0.0
traffic_mix_c2_heavy,37,11,115.0,125.0,58,58,58,0.0,5.8,5.8,0.0017680677586206896,0.0017750239999999998,0.0022763357999999994,0.0,0.0
traffic_mix_c2_heavy,41,0,5.0,15.0,115,115,118,0.0,11.5,11.8,0.0018108594782608694,0.00174614,0.0031108753999999996,0.0,0.0
traffic_mix_c2_heavy,41,1,15.0,25.0,137,137,121,0.0,13.7,12.1,0.001798467591240876,0.00174614,0.003391291599999995,0.0,0.0
traffic_mix_c2_heavy,41,2,25.0,35.0,122,122,118,0.0,12.2,11.8,0.0017813190163934426,0.00174615,0.0029599668999999986,0.0,0.0
traffic_mix_c2_heavy,41,3,35.0,45.0,119,119,118,0.0,11.9,11.8,0.0017579111764705882,0.0017461499999999997,0.0023109987999999954,0.0,0.0
traffic_mix_c2_heavy,41,4,45.0,55.0,108,108,120,0.0,10.8,12.0,0.0017649200000000001,0.00174616,0.0021721870999999995,0.0,0.0
traffic_mix_c2_heavy,41,5,55.0,65.0,130,130,118,0.0,13.0,11.8,0.0017714693846153848,0.00174616,0.0028636378999999943,0.0,0.0
traffic_mix_c2_heavy,41,6,65.0,75.0,116,116,121,0.0,11.6,12.1,0.0017631185344827585,0.00174617,0.002107768499999998,0.0,0.0
traffic_mix_c2_heavy,41,7,75.0,85.0,131,131,118,0.0,13.1,11.8,0.0017733341984732824,0.00174618,0.002651901999999996,0.0,0.0
traffic_mix_c2_heavy,41,8,85.0,95.0,133,133,120,0.0,13.3,12.0,0.0018066806766917293,0.0020908199999999993,0.003389319200000003,0.0,0.0
traffic_mix_c2_heavy,41,9,95.0,105.0,108,108,118,0.0,10.8,11.8,0.001746283425925926,0.00174619,0.00174619,0.0,0.0
traffic_mix_c2_heavy,41,10,105.0,115.0,119,119,120,0.0,11.9,12.0,0.0017690157142857142,0.001746191,0.0021985971999999993,0.0,0.0
traffic_mix_c2_heavy,41,11,115.0,125.0,64,64,58,0.0,6.4,5.8,0.0017725515625,0.0017461999999999998,0.0024733940999999973,0.0,0.0
traffic_mix_c2_heavy,7,0,5.0,15.0,104,104,118,0.0,10.4,11.8,0.001833818653846154,0.002197316999999999,0.0034870557,0.0,0.0
traffic_mix_c2_heavy,7,1,15.0,25.0,128,128,121,0.0,12.8,12.1,0.001812838984375,0.0022980149999999996,0.0033497464000000012,0.0,0.0
traffic_mix_c2_heavy,7,2,25.0,35.0,124,124,118,0.0,12.4,11.8,0.0017752192741935485,0.00174615,0.002699137199999999,0.0,0.0
traffic_mix_c2_heavy,7,3,35.0,45.0,134,134,118,0.0,13.4,11.8,0.0018322138805970149,0.002449724,0.0034111311999999987,0.0,0.0
traffic_mix_c2_heavy,7,4,45.0,55.0,128,128,120,0.0,12.8,12.0,0.001775057578125,0.00174616,0.0028994073000000006,0.0,0.0
traffic_mix_c2_heavy,7,5,55.0,65.0,149,149,118,0.0,14.9,11.8,0.0017740773825503356,0.00174616,0.002533932800000001,0.0,0.0
traffic_mix_c2_heavy,7,6,65.0,75.0,126,126,121,0.0,12.6,12.1,0.0017602198412698413,0.00174617,0.002131505,0.0,0.0
traffic_mix_c2_heavy,7,7,75.0,85.0,108,108,118,0.0,10.8,11.8,0.0017758839814814814,0.00174618,0.002537389799999999,0.0,0.0
traffic_mix_c2_heavy,7,8,85.0,95.0,142,142,120,0.0,14.2,12.0,0.0017703219014084505,0.00174618,0.0027030881000000033,0.0,0.0
traffic_mix_c2_heavy,7,9,95.0,105.0,123,123,118,0.0,12.3,11.8,0.0018161770731707316,0.0020350939999999994,0.0034412903999999998,0.0,0.0
traffic_mix_c2_heavy,7,10,105.0,115.0,123,123,120,0.0,12.3,12.0,0.0017686744715447154,0.00174619,0.0023312782000000005,0.0,0.0
traffic_mix_c2_heavy,7,11,115.0,125.0,65,65,58,0.0,6.5,5.8,0.001746199230769231,0.0017462,0.0017462,0.0,0.0
traffic_mix_video_heavy,11,0,5.0,15.0,147,147,118,0.0,14.7,11.8,0.001842999931972789,0.0018499879999999997,0.003380546599999997,0.0,0.0
traffic_mix_video_heavy,11,1,15.0,25.0,144,144,121,0.0,14.4,12.1,0.0018043227777777779,0.0017461399999999998,0.003329636499999999,0.0,0.0
traffic_mix_video_heavy,11,2,25.0,35.0,141,141,118,0.0,14.1,11.8,0.0017676847517730495,0.00174615,0.002513275999999999,0.0,0.0
traffic_mix_video_heavy,11,3,35.0,45.0,142,142,118,0.0,14.2,11.8,0.0017702467605633803,0.00174615,0.0026482367000000015,0.0,0.0
traffic_mix_video_heavy,11,4,45.0,55.0,156,156,120,0.0,15.6,12.0,0.001760475512820513,0.00174616,0.002277668499999995,0.0,0.0
traffic_mix_video_heavy,11,5,55.0,65.0,118,118,118,0.0,11.8,11.8,0.0017677175423728814,0.00174616,0.0022458838,0.0,0.0
traffic_mix_video_heavy,11,6,65.0,75.0,137,137,121,0.0,13.7,12.1,0.0017696826277372262,0.0017838439999999978,0.0024370011999999925,0.0,0.0
traffic_mix_video_heavy,11,7,75.0,85.0,136,136,118,0.0,13.6,11.8,0.00179355375,0.0018616849999999999,0.002888482500000001,0.0,0.0
traffic_mix_video_heavy,11,8,85.0,95.0,158,158,120,0.0,15.8,12.0,0.0017870398734177214,0.00174618,0.002955384700000007,0.0,0.0
traffic_mix_video_heavy,11,9,95.0,105.0,140,140,118,0.0,14.0,11.8,0.0017695381428571428,0.00174619,0.0025892564999999952,0.0,0.0
traffic_mix_video_heavy,11,10,105.0,115.0,144,144,120,0.0,14.4,12.0,0.0017628624999999998,0.00174619,0.0022639878999999997,0.0,0.0
traffic_mix_video_heavy,11,11,115.0,125.0,82,82,58,0.0,8.2,5.8,0.0018043920731707318,0.0017462,0.003123084699999999,0.0,0.0
traffic_mix_video_heavy,13,0,5.0,15.0,148,148,118,0.0,14.8,11.8,0.0018177475,0.0020632865,0.0028580751,0.0,0.0
traffic_mix_video_heavy,13,1,15.0,25.0,149,149,121,0.0,14.9,12.1,0.001753456308724832,0.0017461400000000002,0.002061476800000002,0.0,0.0
traffic_mix_video_heavy,13,2,25.0,35.0,149,149,118,0.0,14.9,11.8,0.0017755109395973152,0.00174615,0.0024298988000000035,0.0,0.0
traffic_mix_video_heavy,13,3,35.0,45.0,127,127,118,0.0,12.7,11.8,0.0017525447244094486,0.0017461500000000001,0.0020273695999999987,0.0,0.0
traffic_mix_video_heavy,13,4,45.0,55.0,149,149,120,0.0,14.9,12.0,0.0017770789932885906,0.00174616,0.0028814920000000107,0.0,0.0
traffic_mix_video_heavy,13,5,55.0,65.0,152,152,118,0.0,15.2,11.8,0.001793831907894737,0.0019850764999999994,0.0031855802000000035,0.0,0.0
traffic_mix_video_heavy,13,6,65.0,75.0,148,148,121,0.0,14.8,12.1,0.0017892185810810812,0.0019370165000000016,0.0029640566,0.0,0.0
traffic_mix_video_heavy,13,7,75.0,85.0,158,158,118,0.0,15.8,11.8,0.0017899427848101265,0.0017472225,0.0029775374000000003,0.0,0.0
traffic_mix_video_heavy,13,8,85.0,95.0,154,154,120,0.0,15.4,12.0,0.0017680486363636364,0.00174618,0.0024418293999999997,0.0,0.0
traffic_mix_video_heavy,13,9,95.0,105.0,170,170,118,0.0,17.0,11.8,0.0017685284705882354,0.00174619,0.0024505875000000003,0.0,0.0
traffic_mix_video_heavy,13,10,105.0,115.0,152,152,120,0.0,15.2,12.0,0.001781275789473684,0.00174619,0.0030959273000000006,0.0,0.0
traffic_mix_video_heavy,13,11,115.0,125.0,76,76,58,0.0,7.6,5.8,0.0017737665789473685,0.00184389,0.00237402,0.0,0.0
traffic_mix_video_heavy,17,0,5.0,15.0,172,172,118,0.0,17.2,11.8,0.0018569759883720928,0.002248171999999999,0.0031187877999999977,0.005813953488372093,0.005813953488372093
traffic_mix_video_heavy,17,1,15.0,25.0,138,138,121,0.0,13.8,12.1,0.0017685060869565216,0.0017461399999999998,0.002470450399999997,0.0,0.0
traffic_mix_video_heavy,17,2,25.0,35.0,155,155,118,0.0,15.5,11.8,0.0017769789032258065,0.0017461499999999997,0.0027341816000000076,0.0,0.0
traffic_mix_video_heavy,17,3,35.0,45.0,159,159,118,0.0,15.9,11.8,0.0017695483647798742,0.0017461499999999997,0.0024596393999999997,0.0,0.0
traffic_mix_video_heavy,17,4,45.0,55.0,135,135,120,0.0,13.5,12.0,0.0017653002222222222,0.00174616,0.0023497063999999993,0.0,0.0
traffic_mix_video_heavy,17,5,55.0,65.0,169,169,118,0.0,16.9,11.8,0.0017733114201183432,0.00174616,0.0024725999999999993,0.0,0.0
traffic_mix_video_heavy,17,6,65.0,75.0,141,141,121,0.0,14.1,12.1,0.0017887409219858159,0.00174617,0.0031091759999999982,0.0,0.0
traffic_mix_video_heavy,17,7,75.0,85.0,145,145,118,0.0,14.5,11.8,0.0017780451034482758,0.00174618,0.0027210788000000003,0.0,0.0
traffic_mix_video_heavy,17,8,85.0,95.0,131,131,120,0.0,13.1,12.0,0.0018120251908396946,0.00174618,0.0034741759999999985,0.0,0.0
traffic_mix_video_heavy,17,9,95.0,105.0,137,137,118,0.0,13.7,11.8,0.0017761563503649635,0.0018013239999999974,0.0023597116,0.0,0.0
traffic_mix_video_heavy,17,10,105.0,115.0,166,166,120,0.0,16.6,12.0,0.001764927469879518,0.00174619,0.0023825214999999957,0.0,0.0
traffic_mix_video_heavy,17,11,115.0,125.0,87,87,58,0.0,8.7,5.8,0.0017995363218390804,0.0022465380000000006,0.0027273964,0.0,0.0
traffic_mix_video_heavy,19,0,5.0,15.0,161,161,118,0.0,16.1,11.8,0.0018515783850931678,0.0023591,0.003146300000000003,0.0,0.0
traffic_mix_video_heavy,19,1,15.0,25.0,150,150,121,0.0,15.0,12.1,0.0017677884666666666,0.00174614,0.0024521101999999996,0.0,0.0
traffic_mix_video_heavy,19,2,25.0,35.0,143,143,118,0.0,14.3,11.8,0.0017779874825174823,0.0017461499999999997,0.002532781800000004,0.0,0.0
traffic_mix_video_heavy,19,3,35.0,45.0,151,151,118,0.0,15.1,11.8,0.0017985536423841058,0.00216697,0.00302047,0.0,0.0
traffic_mix_video_heavy,19,4,45.0,55.0,138,138,120,0.0,13.8,12.0,0.0017825353623188405,0.00174616,0.0028918613999999983,0.0,0.0
traffic_mix_video_heavy,19,5,55.0,65.0,131,131,118,0.0,13.1,11.8,0.0017970044274809162,0.001809705,0.0031300859999999963,0.0,0.0
traffic_mix_video_heavy,19,6,65.0,75.0,151,151,121,0.0,15.1,12.1,0.0017819051655629142,0.00174617,0.0029890200000000002,0.0,0.0
traffic_mix_video_heavy,19,7,75.0,85.0,164,164,118,0.0,16.4,11.8,0.001785911463414634,0.00174618,0.003009811500000001,0.0,0.0
traffic_mix_video_heavy,19,8,85.0,95.0,176,176,120,0.0,17.6,12.0,0.0018003566477272728,0.001963545,0.0032321225,0.0,0.0
traffic_mix_video_heavy,19,9,95.0,105.0,168,168,118,0.0,16.8,11.8,0.001806555119047619,0.0018217590000000007,0.0035125886000000007,0.0,0.0
traffic_mix_video_heavy,19,10,105.0,115.0,149,149,120,0.0,14.9,12.0,0.0017768154362416105,0.001746196,0.002460234000000001,0.0,0.0
traffic_mix_video_heavy,19,11,115.0,125.0,79,79,58,0.0,7.9,5.8,0.0017516035443037976,0.0017462,0.0019244143999999999,0.0,0.0
traffic_mix_video_heavy,23,0,5.0,15.0,135,135,118,0.0,13.5,11.8,0.0018604031851851852,0.00174614,0.0035303278,0.007407407407407408,0.007407407407407408
traffic_mix_video_heavy,23,1,15.0,25.0,161,161,121,0.0,16.1,12.1,0.0017901183229813665,0.00180121,0.0031194960000000033,0.0,0.0
traffic_mix_video_heavy,23,2,25.0,35.0,157,157,118,0.0,15.7,11.8,0.0017707296815286625,0.00174615,0.0024457572,0.0,0.0
traffic_mix_video_heavy,23,3,35.0,45.0,131,131,118,0.0,13.1,11.8,0.001758590458015267,0.00174615,0.002023114999999998,0.0,0.0
traffic_mix_video_heavy,23,4,45.0,55.0,170,170,120,0.0,17.0,12.0,0.0017855665294117646,0.00174616,0.002804202100000001,0.0,0.0
traffic_mix_video_heavy,23,5,55.0,65.0,173,173,118,0.0,17.3,11.8,0.0017940601156069364,0.0019125800000000003,0.0034339176,0.0,0.0
traffic_mix_video_heavy,23,6,65.0,75.0,154,154,121,0.0,15.4,12.1,0.0017938555194805196,0.00174617,0.0035271824000000004,0.0,0.0
traffic_mix_video_heavy,23,7,75.0,85.0,151,151,118,0.0,15.1,11.8,0.0018126713245033112,0.002396795,0.003148945,0.0,0.0
traffic_mix_video_heavy,23,8,85.0,95.0,154,154,120,0.0,15.4,12.0,0.0017781185064935064,0.00174618,0.0025581138999999998,0.0,0.0
traffic_mix_video_heavy,23,9,95.0,105.0,153,153,118,0.0,15.3,11.8,0.0017759178431372548,0.0017655740000000002,0.0025836359999999994,0.0,0.0
traffic_mix_video_heavy,23,10,105.0,115.0,149,149,120,0.0,14.9,12.0,0.0017479434228187918,0.00174619,0.0017462,0.0,0.0
traffic_mix_video_heavy,23,11,115.0,125.0,71,71,58,0.0,7.1,5.8,0.0017540550704225352,0.0017462,0.0019135399999999983,0.0,0.0
traffic_mix_video_heavy,29,0,5.0,15.0,176,176,118,0.0,17.6,11.8,0.0017947432386363636,0.00174614,0.0032127600000000003,0.0,0.0
traffic_mix_video_heavy,29,1,15.0,25.0,156,156,121,0.0,15.6,12.1,0.001790056346153846,0.00174614,0.0033403479999999973,0.0,0.0
traffic_mix_video_heavy,29,2,25.0,35.0,151,151,118,0.0,15.1,11.8,0.0018032541721854302,0.00174615,0.00333002,0.0,0.0
traffic_mix_video_heavy,29,3,35.0,45.0,131,131,118,0.0,13.1,11.8,0.001775172671755725,0.00174615,0.002535604999999998,0.0,0.0
traffic_mix_video_heavy,29,4,45.0,55.0,147,147,120,0.0,14.7,12.0,0.0017657400000000002,0.00174616,0.002394694799999998,0.0,0.0
traffic_mix_video_heavy,29,5,55.0,65.0,142,142,118,0.0,14.2,11.8,0.001795557605633803,0.00174616,0.003238217500000002,0.0,0.0
traffic_mix_video_heavy,29,6,65.0,75.0,140,140,121,0.0,14.0,12.1,0.0018067174285714286,0.0019476874999999991,0.0033745638999999996,0.0,0.0
traffic_mix_video_heavy,29,7,75.0,85.0,150,150,118,0.0,15.0,11.8,0.0017570184666666666,0.00174618,0.002123732999999993,0.0,0.0
traffic_mix_video_heavy,29,8,85.0,95.0,156,156,120,0.0,15.6,12.0,0.0017778223717948717,0.0017611725,0.0027352599999999833,0.0,0.0
traffic_mix_video_heavy,29,9,95.0,105.0,148,148,118,0.0,14.8,11.8,0.001795822364864865,0.0019729595000000004,0.0030234456,0.0,0.0
traffic_mix_video_heavy,29,10,105.0,115.0,136,136,120,0.0,13.6,12.0,0.001779649632352941,0.0017461924999999999,0.0030459055000000017,0.0,0.0
traffic_mix_video_heavy,29,11,115.0,125.0,72,72,58,0.0,7.2,5.8,0.0017602166666666667,0.0017462,0.0020388912000000063,0.0,0.0
traffic_mix_video_heavy,31,0,5.0,15.0,176,176,118,0.0,17.6,11.8,0.001781943409090909,0.00174614,0.00285175,0.0,0.0
traffic_mix_video_heavy,31,1,15.0,25.0,162,162,121,0.0,16.2,12.1,0.0017742446296296296,0.0017461400000000002,0.0026523376999999957,0.0,0.0
traffic_mix_video_heavy,31,2,25.0,35.0,144,144,118,0.0,14.4,11.8,0.001775627638888889,0.00174615,0.0028628824999999973,0.0,0.0
traffic_mix_video_heavy,31,3,35.0,45.0,159,159,118,0.0,15.9,11.8,0.0017600540251572327,0.0017461499999999997,0.0022643749999999995,0.0,0.0
traffic_mix_video_heavy,31,4,45.0,55.0,127,127,120,0.0,12.7,12.0,0.0017771031496062993,0.00174616,0.0029053877999999957,0.0,0.0
traffic_mix_video_heavy,31,5,55.0,65.0,149,149,118,0.0,14.9,11.8,0.0017765453691275168,0.00174616,0.0028880436000000113,0.0,0.0
traffic_mix_video_heavy,31,6,65.0,75.0,144,144,121,0.0,14.4,12.1,0.0017938600000000002,0.00174617,0.002861051,0.0,0.0
traffic_mix_video_heavy,31,7,75.0,85.0,162,162,118,0.0,16.2,11.8,0.001778907222222222,0.00174618,0.0027182010999999935,0.0,0.0
traffic_mix_video_heavy,31,8,85.0,95.0,160,160,120,0.0,16.0,12.0,0.0018078386874999998,0.0019366314999999987,0.0032399182999999997,0.0,0.0
traffic_mix_video_heavy,31,9,95.0,105.0,154,154,118,0.0,15.4,11.8,0.0017718544805194805,0.00174619,0.0028475199999999992,0.0,0.0
traffic_mix_video_heavy,31,10,105.0,115.0,139,139,120,0.0,13.9,12.0,0.0017594977697841727,0.00174619,0.002296233600000002,0.0,0.0
traffic_mix_video_heavy,31,11,115.0,125.0,79,79,58,0.0,7.9,5.8,0.0017847291139240506,0.0017624809999999991,0.0029107803999999992,0.0,0.0
traffic_mix_video_heavy,37,0,5.0,15.0,136,136,118,0.0,13.6,11.8,0.001820925294117647,0.00174614,0.002931116500000009,0.007352941176470588,0.007352941176470588
traffic_mix_video_heavy,37,1,15.0,25.0,159,159,121,0.0,15.9,12.1,0.0017780201257861636,0.00174614,0.002709975599999998,0.0,0.0
traffic_mix_video_heavy,37,2,25.0,35.0,147,147,118,0.0,14.7,11.8,0.0017627953741496598,0.0017461500000000001,0.0022153805999999996,0.0,0.0
traffic_mix_video_heavy,37,3,35.0,45.0,170,170,118,0.0,17.0,11.8,0.0017964639411764706,0.002085074999999994,0.0029878870000000003,0.0,0.0
traffic_mix_video_heavy,37,4,45.0,55.0,153,153,120,0.0,15.3,12.0,0.0017722695424836604,0.00174616,0.002391539199999999,0.0,0.0
traffic_mix_video_heavy,37,5,55.0,65.0,154,154,118,0.0,15.4,11.8,0.0017585215584415585,0.00174616,0.0018446061999999996,0.0,0.0
traffic_mix_video_heavy,37,6,65.0,75.0,145,145,121,0.0,14.5,12.1,0.0017661084827586208,0.00174617,0.0022417676,0.0,0.0
traffic_mix_video_heavy,37,7,75.0,85.0,145,145,118,0.0,14.5,11.8,0.0017622077931034484,0.00174618,0.0021443720000000003,0.0,0.0
traffic_mix_video_heavy,37,8,85.0,95.0,136,136,120,0.0,13.6,12.0,0.0017719529411764706,0.001766915,0.002573454500000001,0.0,0.0
traffic_mix_video_heavy,37,9,95.0,105.0,163,163,118,0.0,16.3,11.8,0.0017857001840490799,0.0017848360000000004,0.0027973437999999984,0.0,0.0
traffic_mix_video_heavy,37,10,105.0,115.0,137,137,120,0.0,13.7,12.0,0.0017607681751824816,0.00174619,0.0022791587999999923,0.0,0.0
traffic_mix_video_heavy,37,11,115.0,125.0,75,75,58,0.0,7.5,5.8,0.0017862834666666667,0.0017461999999999998,0.0032249514000000008,0.0,0.0
traffic_mix_video_heavy,41,0,5.0,15.0,154,154,118,0.0,15.4,11.8,0.001850368961038961,0.0023526689999999978,0.0039025441999999983,0.0,0.0
traffic_mix_video_heavy,41,1,15.0,25.0,163,163,121,0.0,16.3,12.1,0.0017743447852760735,0.00174614,0.0027624255999999956,0.0,0.0
traffic_mix_video_heavy,41,2,25.0,35.0,152,152,118,0.0,15.2,11.8,0.0017687943421052631,0.00174615,0.0024339082000000042,0.0,0.0
traffic_mix_video_heavy,41,3,35.0,45.0,154,154,118,0.0,15.4,11.8,0.0017730445454545456,0.0017461500000000001,0.0026976576999999994,0.0,0.0
traffic_mix_video_heavy,41,4,45.0,55.0,157,157,120,0.0,15.7,12.0,0.0017777818471337579,0.00174616,0.0028163763999999986,0.0,0.0
traffic_mix_video_heavy,41,5,55.0,65.0,147,147,118,0.0,14.7,11.8,0.001758754149659864,0.00174616,0.0020793825999999987,0.0,0.0
traffic_mix_video_heavy,41,6,65.0,75.0,176,176,121,0.0,17.6,12.1,0.001808240340909091,0.00191464,0.003477895,0.0,0.0
traffic_mix_video_heavy,41,7,75.0,85.0,142,142,118,0.0,14.2,11.8,0.001752702957746479,0.00174618,0.0020002331000000006,0.0,0.0
traffic_mix_video_heavy,41,8,85.0,95.0,157,157,120,0.0,15.7,12.0,0.0017936416560509554,0.0019166939999999987,0.0032228535999999997,0.0,0.0
traffic_mix_video_heavy,41,9,95.0,105.0,144,144,118,0.0,14.4,11.8,0.0017924725,0.00174619,0.0027764246999999985,0.0,0.0
traffic_mix_video_heavy,41,10,105.0,115.0,167,167,120,0.0,16.7,12.0,0.0017551712574850299,0.0017461970000000001,0.0020793484,0.0,0.0
traffic_mix_video_heavy,41,11,115.0,125.0,70,70,58,0.0,7.0,5.8,0.0017746424285714287,0.0017462,0.0026904414000000006,0.0,0.0
traffic_mix_video_heavy,7,0,5.0,15.0,140,140,118,0.0,14.0,11.8,0.0018182902142857144,0.0018328509999999993,0.0034539759999999992,0.0,0.0
traffic_mix_video_heavy,7,1,15.0,25.0,157,157,121,0.0,15.7,12.1,0.0018169598089171973,0.0022280419999999987,0.0033011047999999994,0.0,0.0
traffic_mix_video_heavy,7,2,25.0,35.0,174,174,118,0.0,17.4,11.8,0.0018362462643678162,0.002496495,0.003611658500000006,0.0,0.0
traffic_mix_video_heavy,7,3,35.0,45.0,167,167,118,0.0,16.7,11.8,0.0017776634131736525,0.0017461500000000001,0.0030304282000000004,0.0,0.0
traffic_mix_video_heavy,7,4,45.0,55.0,173,173,120,0.0,17.3,12.0,0.0017823061849710981,0.0019466820000000008,0.0025668192,0.0,0.0
traffic_mix_video_heavy,7,5,55.0,65.0,159,159,118,0.0,15.9,11.8,0.0017805612578616352,0.0017599679999999993,0.002854505399999994,0.0,0.0
traffic_mix_video_heavy,7,6,65.0,75.0,166,166,121,0.0,16.6,12.1,0.001776261204819277,0.00174617,0.0027385989999999943,0.0,0.0
traffic_mix_video_heavy,7,7,75.0,85.0,152,152,118,0.0,15.2,11.8,0.001825490394736842,0.0023968834999999996,0.0034218850000000012,0.0,0.0
traffic_mix_video_heavy,7,8,85.0,95.0,166,166,120,0.0,16.6,12.0,0.0017704211445783132,0.00174618,0.0025378829999999995,0.0,0.0
traffic_mix_video_heavy,7,9,95.0,105.0,173,173,118,0.0,17.3,11.8,0.0017929324277456647,0.0018010220000000006,0.0031535468000000004,0.0,0.0
traffic_mix_video_heavy,7,10,105.0,115.0,144,144,120,0.0,14.4,12.0,0.0017792433333333334,0.0017461999999999998,0.0026409424999999974,0.0,0.0
traffic_mix_video_heavy,7,11,115.0,125.0,69,69,58,0.0,6.9,5.8,0.0017461978260869565,0.0017462,0.0017461999999999998,0.0,0.0
vacation_high,11,0,5.0,15.0,120,120,944,0.0,12.0,94.4,0.004277381916666666,0.015451709999999997,0.020452025999999998,0.14166666666666666,0.14166666666666666
vacation_high,11,1,15.0,25.0,126,126,968,0.0,12.6,96.8,0.003006089126984127,0.011234000000000001,0.019022724999999997,0.07142857142857142,0.07142857142857142
vacation_high,11,2,25.0,35.0,133,133,944,0.0,13.3,94.4,0.0043852747368421045,0.01850048,0.030656412000000043,0.15789473684210525,0.15789473684210525
vacation_high,11,3,35.0,45.0,121,121,944,0.0,12.1,94.4,0.003979001570247933,0.015806,0.020404259999999997,0.1322314049586777,0.1322314049586777
vacation_high,11,4,45.0,55.0,126,126,960,0.0,12.6,96.0,0.004072324126984127,0.0149012,0.028758925,0.1111111111111111,0.1111111111111111
vacation_high,11,5,55.0,65.0,131,131,944,0.0,13.1,94.4,0.004849877633587786,0.02084805,0.022122089999999997,0.17557251908396945,0.17557251908396945
vacation_high,11,6,65.0,75.0,105,105,968,0.0,10.5,96.8,0.00467776419047619,0.01814066,0.0363555679999999,0.1619047619047619,0.1619047619047619
vacation_high,11,7,75.0,85.0,115,115,944,0.0,11.5,94.4,0.004668940782608696,0.018489639999999998,0.021936462,0.17391304347826086,0.17391304347826086
vacation_high,11,8,85.0,95.0,127,127,960,0.0,12.7,96.0,0.005574056929133858,0.018312789999999995,0.02903458799999996,0.2125984251968504,0.2125984251968504
vacation_high,11,9,95.0,105.0,124,124,944,0.0,12.4,94.4,0.004824228709677419,0.019222984999999995,0.023651106999999987,0.1693548387096774,0.1693548387096774
vacation_high,11,10,105.0,115.0,128,128,960,0.0,12.8,96.0,0.0042921537499999995,0.020212400000000002,0.022631825,0.125,0.125
vacation_high,11,11,115.0,125.0,63,63,464,0.0,6.3,46.4,0.004975896031746032,0.01818288,0.035644456000000026,0.15873015873015872,0.15873015873015872
vacation_high,13,0,5.0,15.0,132,132,944,0.0,13.2,94.4,0.004776055227272727,0.017461545,0.025940069999999982,0.16666666666666666,0.16666666666666666
vacation_high,13,1,15.0,25.0,128,128,968,0.0,12.8,96.8,0.004627114765625,0.016730644999999995,0.02284066800000001,0.1484375,0.1484375
vacation_high,13,2,25.0,35.0,125,125,944,0.0,12.5,94.4,0.0047305752,0.018641199999999997,0.029378252000000042,0.152,0.152
vacation_high,13,3,35.0,45.0,117,117,944,0.0,11.7,94.4,0.003944448290598291,0.016603759999999988,0.020681208000000006,0.10256410256410256,0.10256410256410256
vacation_high,13,4,45.0,55.0,121,121,960,0.0,12.1,96.0,0.004874039173553718,0.0193577,0.03920079999999999,0.14049586776859505,0.14049586776859505
vacation_high,13,5,55.0,65.0,124,124,944,0.0,12.4,94.4,0.005018800080645162,0.019420999999999994,0.020864212,0.1693548387096774,0.1693548387096774
vacation_high,13,6,65.0,75.0,134,134,968,0.0,13.4,96.8,0.005279440820895522,0.019385544999999997,0.02654243199999998,0.19402985074626866,0.19402985074626866
vacation_high,13,7,75.0,85.0,134,134,944,0.0,13.4,94.4,0.005579034776119402,0.01989701,0.02859124399999986,0.22388059701492538,0.22388059701492538
vacation_high,13,8,85.0,95.0,137,137,960,0.0,13.7,96.0,0.004066975912408758,0.014699039999999993,0.02042212,0.12408759124087591,0.12408759124087591
vacation_high,13,9,95.0,105.0,133,133,944,0.0,13.3,94.4,0.005065086090225564,0.021114679999999997,0.029355284000000037,0.17293233082706766,0.17293233082706766
vacation_high,13,10,105.0,115.0,140,140,960,0.0,14.0,96.0,0.004706803714285714,0.019345269999999977,0.027059539999999986,0.17857142857142858,0.17857142857142858
vacation_high,13,11,115.0,125.0,79,79,464,0.0,7.9,46.4,0.004521481012658228,0.016180519999999986,0.026041173999999973,0.1518987341772152,0.1518987341772152
vacation_high,17,0,5.0,15.0,150,150,944,0.0,15.0,94.4,0.004637058133333333,0.018704559999999988,0.03365925999999994,0.15333333333333332,0.15333333333333332
vacation_high,17,1,15.0,25.0,128,128,968,0.0,12.8,96.8,0.0044445146875,0.018053829999999996,0.022244702,0.140625,0.140625
vacation_high,17,2,25.0,35.0,139,139,944,0.0,13.9,94.4,0.005683372158273381,0.01976816,0.029242602000000006,0.19424460431654678,0.19424460431654678
vacation_high,17,3,35.0,45.0,123,123,944,0.0,12.3,94.4,0.004146997967479675,0.016094469999999996,0.021788526000000003,0.13821138211382114,0.13821138211382114
vacation_high,17,4,45.0,55.0,124,124,960,0.0,12.4,96.0,0.004336434838709677,0.01667863999999999,0.021458467999999994,0.13709677419354838,0.13709677419354838
vacation_high,17,5,55.0,65.0,126,126,944,0.0,12.6,94.4,0.0038537604761904763,0.016284875,0.020304125,0.11904761904761904,0.11904761904761904
vacation_high,17,6,65.0,75.0,152,152,968,0.0,15.2,96.8,0.0043861101973684214,0.016081269999999984,0.02077634800000001,0.1513157894736842,0.1513157894736842
vacation_high,17,7,75.0,85.0,118,118,944,0.0,11.8,94.4,0.004473635,0.018754979999999997,0.026099978999999995,0.1440677966101695,0.1440677966101695
vacation_high,17,8,85.0,95.0,136,136,960,0.0,13.6,96.0,0.004714477867647059,0.016454325,0.020109070000000007,0.19852941176470587,0.19852941176470587
vacation_high,17,9,95.0,105.0,112,112,944,0.0,11.2,94.4,0.004070449553571429,0.018445824999999975,0.020821493000000003,0.10714285714285714,0.10714285714285714
vacation_high,17,10,105.0,115.0,114,114,960,0.0,11.4,96.0,0.005562133859649123,0.021931005,0.029023032000000018,0.18421052631578946,0.18421052631578946
vacation_high,17,11,115.0,125.0,60,60,464,0.0,6.0,46.4,0.0038933239999999997,0.015800719999999997,0.021003801999999988,0.11666666666666667,0.11666666666666667
vacation_high,19,0,5.0,15.0,143,143,944,0.0,14.3,94.4,0.004149760699300699,0.01619835,0.0230051620000001,0.13986013986013987,0.13986013986013987
vacation_high,19,1,15.0,25.0,136,136,968,0.0,13.6,96.8,0.004378223823529412,0.0163111,0.028916145000000067,0.1323529411764706,0.1323529411764706
vacation_high,19,2,25.0,35.0,124,124,944,0.0,12.4,94.4,0.005321563951612903,0.01754112,0.04093423799999998,0.1532258064516129,0.1532258064516129
vacation_high,19,3,35.0,45.0,122,122,944,0.0,12.2,94.4,0.0037080560655737707,0.015466934999999994,0.018676625999999988,0.12295081967213115,0.12295081967213115
vacation_high,19,4,45.0,55.0,125,125,960,0.0,12.5,96.0,0.00460516856,0.017843239999999996,0.025482232000000014,0.152,0.152
vacation_high,19,5,55.0,65.0,116,116,944,0.0,11.6,94.4,0.003835713620689655,0.016305525,0.019494354999999994,0.1206896551724138,0.1206896551724138
vacation_high,19,6,65.0,75.0,119,119,968,0.0,11.9,96.8,0.0045663140336134455,0.01855865999999999,0.022494889999999993,0.15126050420168066,0.15126050420168066
vacation_high,19,7,75.0,85.0,137,137,944,0.0,13.7,94.4,0.0040179500729927015,0.01472185999999999,0.019385143999999993,0.11678832116788321,0.11678832116788321
vacation_high,19,8,85.0,95.0,147,147,960,0.0,14.7,96.0,0.004442307891156462,0.018736589999999987,0.027512995999999998,0.1564625850340136,0.1564625850340136
vacation_high,19,9,95.0,105.0,136,136,944,0.0,13.6,94.4,0.004236793088235294,0.017205975,0.02103651,0.14705882352941177,0.14705882352941177
vacation_high,19,10,105.0,115.0,154,154,960,0.0,15.4,96.0,0.00597514461038961,0.020333305,0.04018289499999999,0.22727272727272727,0.22727272727272727
vacation_high,19,11,115.0,125.0,74,74,464,0.0,7.4,46.4,0.004411478243243243,0.015992799999999974,0.026106097999999918,0.13513513513513514,0.13513513513513514
vacation_high,23,0,5.0,15.0,116,116,944,0.0,11.6,94.4,0.004659364137931035,0.017358725000000002,0.021672455,0.15517241379310345,0.15517241379310345
vacation_high,23,1,15.0,25.0,135,135,968,0.0,13.5,96.8,0.005447559555555556,0.02135793,0.043604712,0.18518518518518517,0.18518518518518517
vacation_high,23,2,25.0,35.0,153,153,944,0.0,15.3,94.4,0.004284465947712418,0.018263720000000004,0.021738655999999988,0.13725490196078433,0.13725490196078433
vacation_high,23,3,35.0,45.0,107,107,944,0.0,10.7,94.4,0.004119382710280373,0.016805499999999994,0.024415645999999985,0.14018691588785046,0.14018691588785046
vacation_high,23,4,45.0,55.0,132,132,960,0.0,13.2,96.0,0.004535007878787879,0.019635294999999997,0.021851918,0.15151515151515152,0.15151515151515152
vacation_high,23,5,55.0,65.0,139,139,944,0.0,13.9,94.4,0.00550105345323741,0.019713469999999997,0.025481855999999997,0.18705035971223022,0.18705035971223022
vacation_high,23,6,65.0,75.0,156,156,968,0.0,15.6,96.8,0.005527310641025641,0.0207386,0.02485666999999995,0.20512820512820512,0.20512820512820512
vacation_high,23,7,75.0,85.0,138,138,944,0.0,13.8,94.4,0.005388281956521739,0.021026645,0.02924182899999996,0.1956521739130435,0.1956521739130435
vacation_high,23,8,85.0,95.0,134,134,960,0.0,13.4,96.0,0.003894130074626866,0.015099829999999998,0.021489406999999995,0.09701492537313433,0.09701492537313433
vacation_high,23,9,95.0,105.0,135,135,944,0.0,13.5,94.4,0.0045905700740740745,0.01823698,0.020292924,0.17037037037037037,0.17037037037037037
vacation_high,23,10,105.0,115.0,124,124,960,0.0,12.4,96.0,0.0048707968548387095,0.018465314999999996,0.021061636999999998,0.1774193548387097,0.1774193548387097
vacation_high,23,11,115.0,125.0,70,70,464,0.0,7.0,46.4,0.005501271857142857,0.020698894999999995,0.027199311000000004,0.21428571428571427,0.21428571428571427
vacation_high,29,0,5.0,15.0,156,156,944,0.0,15.6,94.4,0.003649206730769231,0.015150825,0.02255082499999998,0.10897435897435898,0.10897435897435898
vacation_high,29,1,15.0,25.0,135,135,968,0.0,13.5,96.8,0.004428818888888889,0.01816437,0.025866925999999974,0.15555555555555556,0.15555555555555556
vacation_high,29,2,25.0,35.0,135,135,944,0.0,13.5,94.4,0.0029796214074074077,0.010632899999999999,0.019939429999999994,0.06666666666666667,0.06666666666666667
vacation_high,29,3,35.0,45.0,119,119,944,0.0,11.9,94.4,0.005030340420168067,0.01970732,0.02559927399999998,0.18487394957983194,0.18487394957983194
vacation_high,29,4,45.0,55.0,115,115,960,0.0,11.5,96.0,0.0037057880000000002,0.014581059999999998,0.021110251999999996,0.10434782608695652,0.10434782608695652
vacation_high,29,5,55.0,65.0,136,136,944,0.0,13.6,94.4,0.005568321470588235,0.019606675,0.02992445000000002,0.22058823529411764,0.22058823529411764
vacation_high,29,6,65.0,75.0,118,118,968,0.0,11.8,96.8,0.004411332288135593,0.017766739999999996,0.022192923999999996,0.13559322033898305,0.13559322033898305
vacation_high,29,7,75.0,85.0,125,125,944,0.0,12.5,94.4,0.004067043520000001,0.017018459999999996,0.020838652000000006,0.112,0.112
vacation_high,29,8,85.0,95.0,134,134,960,0.0,13.4,96.0,0.004610489029850747,0.019292044999999987,0.022701540999999985,0.16417910447761194,0.16417910447761194
vacation_high,29,9,95.0,105.0,122,122,944,0.0,12.2,94.4,0.005849229508196721,0.019180684999999992,0.020685353999999996,0.26229508196721313,0.26229508196721313
vacation_high,29,10,105.0,115.0,143,143,960,0.0,14.3,96.0,0.0052141400699300695,0.01963773,0.027190056000000046,0.1958041958041958,0.1958041958041958
vacation_high,29,11,115.0,125.0,59,59,464,0.0,5.9,46.4,0.003964517627118644,0.014093579999999993,0.019314812000000004,0.15254237288135594,0.15254237288135594
vacation_high,31,0,5.0,15.0,150,150,944,0.0,15.0,94.4,0.005113756666666667,0.018848654999999992,0.03395442699999994,0.16666666666666666,0.16666666666666666
vacation_high,31,1,15.0,25.0,135,135,968,0.0,13.5,96.8,0.004923815777777778,0.019191019999999996,0.03808351599999993,0.15555555555555556,0.15555555555555556
vacation_high,31,2,25.0,35.0,144,144,944,0.0,14.4,94.4,0.005328986180555556,0.019771274999999998,0.023764232999999982,0.2152777777777778,0.2152777777777778
vacation_high,31,3,35.0,45.0,134,134,944,0.0,13.4,94.4,0.0052604326119402986,0.020358164999999998,0.035155531999999906,0.17164179104477612,0.17164179104477612
vacation_high,31,4,45.0,55.0,123,123,960,0.0,12.3,96.0,0.004987417154471545,0.019758239999999996,0.02500786200000001,0.17886178861788618,0.17886178861788618
vacation_high,31,5,55.0,65.0,124,124,944,0.0,12.4,94.4,0.004201278951612903,0.017428315,0.02036203,0.14516129032258066,0.14516129032258066
vacation_high,31,6,65.0,75.0,118,118,968,0.0,11.8,96.8,0.004777422372881356,0.017765639999999996,0.021793613999999996,0.1864406779661017,0.1864406779661017
vacation_high,31,7,75.0,85.0,130,130,944,0.0,13.0,94.4,0.005029332153846154,0.017605705,0.034754350999999996,0.16153846153846155,0.16153846153846155
vacation_high,31,8,85.0,95.0,136,136,960,0.0,13.6,96.0,0.005017056764705882,0.018462075,0.04518001000000005,0.13970588235294118,0.13970588235294118
vacation_high,31,9,95.0,105.0,139,139,944,0.0,13.9,94.4,0.004813177841726619,0.018758689999999998,0.023011536000000013,0.17985611510791366,0.17985611510791366
vacation_high,31,10,105.0,115.0,129,129,960,0.0,12.9,96.0,0.005130215581395348,0.018906139999999995,0.024378564,0.17829457364341086,0.17829457364341086
vacation_high,31,11,115.0,125.0,75,75,464,0.0,7.5,46.4,0.0053696150666666664,0.02160722,0.035586196,0.17333333333333334,0.17333333333333334
vacation_high,37,0,5.0,15.0,114,114,944,0.0,11.4,94.4,0.00383095149122807,0.014656994999999996,0.021164356000000002,0.10526315789473684,0.10526315789473684
vacation_high,37,1,15.0,25.0,136,136,968,0.0,13.6,96.8,0.00433901080882353,0.017071475,0.019325510000000004,0.15441176470588236,0.15441176470588236
vacation_high,37,2,25.0,35.0,133,133,944,0.0,13.3,94.4,0.005913711127819549,0.022598739999999996,0.03245549200000006,0.21804511278195488,0.21804511278195488
vacation_high,37,3,35.0,45.0,141,141,944,0.0,14.1,94.4,0.004630403687943263,0.0183862,0.02666629999999996,0.14893617021276595,0.14893617021276595
vacation_high,37,4,45.0,55.0,142,142,960,0.0,14.2,96.0,0.004109555,0.01616464999999999,0.03233190400000002,0.1267605633802817,0.1267605633802817
vacation_high,37,5,55.0,65.0,137,137,944,0.0,13.7,94.4,0.003818958102189781,0.016130439999999996,0.01802185599999999,0.15328467153284672,0.15328467153284672
vacation_high,37,6,65.0,75.0,133,133,968,0.0,13.3,96.8,0.005002854812030075,0.018063459999999996,0.026770188000000028,0.21052631578947367,0.21052631578947367
vacation_high,37,7,75.0,85.0,125,125,944,0.0,12.5,94.4,0.00527931512,0.02078676,0.03290585600000004,0.184,0.184
vacation_high,37,8,85.0,95.0,126,126,960,0.0,12.6,96.0,0.003130035396825397,0.014261025,0.017298775000000002,0.07936507936507936,0.07936507936507936
vacation_high,37,9,95.0,105.0,111,111,944,0.0,11.1,94.4,0.004547592432432432,0.0174658,0.02331912000000002,0.15315315315315314,0.15315315315315314
vacation_high,37,10,105.0,115.0,142,142,960,0.0,14.2,96.0,0.0045269574647887325,0.016425065,0.020354259000000006,0.15492957746478872,0.15492957746478872
vacation_high,37,11,115.0,125.0,68,68,464,0.0,6.8,46.4,0.0052584055882352945,0.018269735000000002,0.03956175899999999,0.16176470588235295,0.16176470588235295
vacation_high,41,0,5.0,15.0,132,132,944,0.0,13.2,94.4,0.004624253787878788,0.01759998499999999,0.021649378999999996,0.17424242424242425,0.17424242424242425
vacation_high,41,1,15.0,25.0,148,148,968,0.0,14.8,96.8,0.00459225777027027,0.017738665,0.026218180000000008,0.1554054054054054,0.1554054054054054
vacation_high,41,2,25.0,35.0,131,131,944,0.0,13.1,94.4,0.004724393587786259,0.01863185,0.03655445999999987,0.1450381679389313,0.1450381679389313
vacation_high,41,3,35.0,45.0,127,127,944,0.0,12.7,94.4,0.004210215354330709,0.016594209999999995,0.021271709999999992,0.15748031496062992,0.15748031496062992
vacation_high,41,4,45.0,55.0,139,139,960,0.0,13.9,96.0,0.004243701007194244,0.016832479999999993,0.020060966000000006,0.1366906474820144,0.1366906474820144
vacation_high,41,5,55.0,65.0,132,132,944,0.0,13.2,94.4,0.00514476340909091,0.018941135,0.02529150799999999,0.17424242424242425,0.17424242424242425
vacation_high,41,6,65.0,75.0,129,129,968,0.0,12.9,96.8,0.004786011860465116,0.017545819999999997,0.025757275999999996,0.17829457364341086,0.17829457364341086
vacation_high,41,7,75.0,85.0,155,155,944,0.0,15.5,94.4,0.00530966264516129,0.01902461,0.02954422600000013,0.2064516129032258,0.2064516129032258
vacation_high,41,8,85.0,95.0,126,126,960,0.0,12.6,96.0,0.005112812301587302,0.020325074999999998,0.0254621,0.19047619047619047,0.19047619047619047
vacation_high,41,9,95.0,105.0,131,131,944,0.0,13.1,94.4,0.005336813893129771,0.01988745,0.03125734999999985,0.20610687022900764,0.20610687022900764
vacation_high,41,10,105.0,115.0,138,138,960,0.0,13.8,96.0,0.005215040289855072,0.018568755000000003,0.04371352299999999,0.17391304347826086,0.17391304347826086
vacation_high,41,11,115.0,125.0,58,58,464,0.0,5.8,46.4,0.006493779999999999,0.02023749,0.045060565999999996,0.22413793103448276,0.22413793103448276
vacation_high,7,0,5.0,15.0,114,114,944,0.0,11.4,94.4,0.004942953771929825,0.019837184999999993,0.021516226000000003,0.16666666666666666,0.16666666666666666
vacation_high,7,1,15.0,25.0,142,142,968,0.0,14.2,96.8,0.00443018661971831,0.017514270000000002,0.023921184000000005,0.14084507042253522,0.14084507042253522
vacation_high,7,2,25.0,35.0,135,135,944,0.0,13.5,94.4,0.0040953025925925925,0.016905649999999998,0.021438827999999997,0.14814814814814814,0.14814814814814814
vacation_high,7,3,35.0,45.0,166,166,944,0.0,16.6,94.4,0.004307150542168675,0.017294375,0.023697165,0.13855421686746988,0.13855421686746988
vacation_high,7,4,45.0,55.0,145,145,960,0.0,14.5,96.0,0.00511110524137931,0.019763239999999974,0.02804511200000001,0.2,0.2
vacation_high,7,5,55.0,65.0,147,147,944,0.0,14.7,94.4,0.0036668861904761902,0.015385759999999988,0.019664153999999996,0.10884353741496598,0.10884353741496598
vacation_high,7,6,65.0,75.0,134,134,968,0.0,13.4,96.8,0.006202091567164179,0.019878935,0.03183488599999994,0.23880597014925373,0.23880597014925373
vacation_high,7,7,75.0,85.0,143,143,944,0.0,14.3,94.4,0.0038029462937062943,0.013693450000000001,0.01788941,0.11188811188811189,0.11188811188811189
vacation_high,7,8,85.0,95.0,140,140,960,0.0,14.0,96.0,0.004602592142857143,0.01805797499999998,0.02510386699999989,0.15,0.15
vacation_high,7,9,95.0,105.0,132,132,944,0.0,13.2,94.4,0.004388111212121212,0.01591472,0.021973702999999997,0.17424242424242425,0.17424242424242425
vacation_high,7,10,105.0,115.0,160,160,960,0.0,16.0,96.0,0.00359130575,0.014409399999999992,0.021747006,0.0875,0.0875
vacation_high,7,11,115.0,125.0,69,69,464,0.0,6.9,46.4,0.004628781594202898,0.01700081999999999,0.0282670479999998,0.15942028985507245,0.15942028985507245
