scenario,method,runs,seeds,window_n_mean,delay_mae_mean,delay_mae_std,risk_mae_mean,risk_mae_std,p95_mae_mean,p95_mae_std,p99_mae_mean,p99_mae_std,violation_mae_mean,violation_mae_std,safe_coverage_mean,safe_coverage_std,avg_conservativeness_mean,avg_conservativeness_std,screening_auroc_mean,screening_auroc_std,precision_at_10_mean,precision_at_10_std,recall_at_10_mean,recall_at_10_std,calibration_ece_mean,calibration_ece_std
drift_mild,ablation_m1_only,20,11;13;17;19;23;29;31;37;41;43;47;53;59;61;67;7;71;73;79;83,250,0.06827147377,0.01072080619,0.2381676591,0.02955780443,0.2530285705,0.02170220558,0.3166953485,0.02415204501,0.05684502355,0.008520368777,0.9056,0.02757267908,0.4049022319,0.1019559406,0.8519644444,0.04204581826,0.42,0.07511394853,0.42,0.07511394853,0.4194208468,0.08983219593
drift_mild,ablation_no_margin,20,11;13;17;19;23;29;31;37;41;43;47;53;59;61;67;7;71;73;79;83,250,0.05968194938,0.009167999748,0.1993403843,0.02480907608,0.1712509386,0.01799602183,0.2058961467,0.01982307654,0.05853897952,0.007598707702,0.3036,0.02939101187,-0.1141670109,0.03127529361,0.8548355556,0.04128489547,0.422,0.08049844719,0.422,0.08049844719,0.1344958507,0.02502530511
drift_mild,ablation_no_vacation,20,11;13;17;19;23;29;31;37;41;43;47;53;59;61;67;7;71;73;79;83,250,0.0599131071,0.009183503011,0.2017502037,0.02506246278,0.1789464379,0.01824872411,0.2175453363,0.02015162474,0.05840182785,0.007484960622,0.9006,0.03153010258,0.3211966761,0.09656590139,0.8548088889,0.04138182806,0.422,0.08049844719,0.422,0.08049844719,0.3278284258,0.08734714713
drift_mild,blackbox_delay,20,11;13;17;19;23;29;31;37;41;43;47;53;59;61;67;7;71;73;79;83,250,0.06041241348,0.01095060917,0.1872122408,0.02859322573,0.1463931378,0.01855485603,0.1635754759,0.0189724105,25109504.77,107536967.1,0.4224,0.03676153596,-0.1283181637,0.03346311758,0.8497688889,0.04065255781,0.402,0.08049844719,0.402,0.08049844719,0.1321361917,0.03086797083
drift_mild,direct_p95_conformal,20,11;13;17;19;23;29;31;37;41;43;47;53;59;61;67;7;71;73;79;83,250,0.06041241348,0.01095060917,0.2068997031,0.02804703732,0.1463931378,0.01855485603,0.1635754759,0.0189724105,25109504.77,107536967.1,0.7956,0.03259706154,0.05320428521,0.0496984394,0.84584,0.04178931382,0.404,0.08197560613,0.404,0.08197560613,0.1319848705,0.02155875174
drift_mild,direct_risk_conformal,20,11;13;17;19;23;29;31;37;41;43;47;53;59;61;67;7;71;73;79;83,250,0.06041241348,0.01095060917,0.1872122408,0.02859322573,0.1463931378,0.01855485603,0.1635754759,0.0189724105,25109504.77,107536967.1,0.8548,0.03734561202,0.1424559027,0.08570270465,0.8497688889,0.04065255781,0.402,0.08049844719,0.402,0.08049844719,0.185734126,0.05346777698
drift_mild,kingman_no_vacation,20,11;13;17;19;23;29;31;37;41;43;47;53;59;61;67;7;71;73;79;83,250,0.06827147377,0.01072080619,0.2381676591,0.02955780443,0.2530285705,0.02170220558,0.3166953485,0.02415204501,0.05684502355,0.008520368777,0.9056,0.02757267908,0.4049022319,0.1019559406,0.8519644444,0.04204581826,0.42,0.07511394853,0.42,0.07511394853,0.4194208468,0.08983219593
drift_mild,oracle_queueing,20,11;13;17;19;23;29;31;37;41;43;47;53;59;61;67;7;71;73;79;83,250,0.05511010356,0.01724655867,0.1664301539,0.03152208578,0.1460563725,0.03188638608,0.1867770242,0.0390452077,0.0504512928,0.005880125285,0.3548,0.03065873276,0.07338588244,0.02788572811,0.9798044444,0.009027485573,0.782,0.06677535001,0.782,0.06677535001,0.1323998245,0.02871969709
drift_mild,persistence_ewma_safe,20,11;13;17;19;23;29;31;37;41;43;47;53;59;61;67;7;71;73;79;83,250,0.1029925375,0.01936505357,0.3125820733,0.05054421778,0.2368382138,0.03376247638,0.2626860029,0.03500517424,0.08854041433,0.01395994693,0.936,0.02202391045,0.7178445875,0.1277720044,0.5209066667,0.06460980181,0.11,0.07440995972,0.11,0.07440995972,0.7178445875,0.1277720044
drift_mild,proposed_adaptive_margin,20,11;13;17;19;23;29;31;37;41;43;47;53;59;61;67;7;71;73;79;83,250,0.05968194938,0.009167999748,0.1993403843,0.02480907608,0.1712509386,0.01799602183,0.2058961467,0.01982307654,0.05853897952,0.007598707702,0.9338,0.02577554941,0.5141718023,0.1218124579,0.85472,0.0419460233,0.422,0.08153785043,0.422,0.08153785043,0.5144731629,0.1214598207
drift_mild,proposed_laq,20,11;13;17;19;23;29;31;37;41;43;47;53;59;61;67;7;71;73;79;83,250,0.05968194938,0.009167999748,0.1993403843,0.02480907608,0.1712509386,0.01799602183,0.2058961467,0.01982307654,0.05853897952,0.007598707702,0.8996,0.03079029239,0.3169929168,0.08988425746,0.8548355556,0.04128489547,0.422,0.08049844719,0.422,0.08049844719,0.3228200128,0.08229868389
drift_mild,scenario_adaptive_direct_risk,20,11;13;17;19;23;29;31;37;41;43;47;53;59;61;67;7;71;73;79;83,250,0.06041241348,0.01095060917,0.1872122408,0.02859322573,0.1463931378,0.01855485603,0.1635754759,0.0189724105,25109504.77,107536967.1,0.8902,0.03533836442,0.2662852243,0.1177873444,0.8499377778,0.04094815537,0.402,0.08256416962,0.402,0.08256416962,0.2826529628,0.1012527846
drift_mild,static_queueing,20,11;13;17;19;23;29;31;37;41;43;47;53;59;61;67;7;71;73;79;83,250,0.0808894607,0.01198009039,0.2383346374,0.03392446115,0.2038609535,0.02381663306,0.236807692,0.02659084012,0.06066801575,0.009492580235,0.4688,0.03188400028,-0.1783769644,0.03464589391,0.5,0,0.112,0.05745478772,0.112,0.05745478772,0.1784440528,0.03465826017
drift_mild,tail_metric_ridge,20,11;13;17;19;23;29;31;37;41;43;47;53;59;61;67;7;71;73;79;83,250,0.06041241348,0.01095060917,0.2068997031,0.02804703732,0.1463931378,0.01855485603,0.1635754759,0.0189724105,25109504.77,107536967.1,0.8714,0.0340470263,0.2229700573,0.09185048282,0.8456977778,0.04157766082,0.404,0.0798946675,0.404,0.0798946675,0.2466180108,0.06896062418
drift_strong,ablation_m1_only,20,11;13;17;19;23;29;31;37;41;43;47;53;59;61;67;7;71;73;79;83,250,0.7034126032,0.08768842704,1.540292853,0.1589632096,1.326559771,0.1443031803,1.404371654,0.1476183507,0.2545058254,0.01933241929,0.6164,0.04144546194,-0.7076761469,0.1872349466,0.8255155556,0.04807934075,0.432,0.0876356092,0.432,0.0876356092,0.9265830414,0.1376037343
drift_strong,ablation_no_margin,20,11;13;17;19;23;29;31;37;41;43;47;53;59;61;67;7;71;73;79;83,250,0.6518096735,0.08211218214,1.361890323,0.1380756977,1.167352622,0.1357411382,1.210263961,0.1376055068,0.2142605278,0.01402623954,0.1994,0.03707801164,-1.158009071,0.1529739707,0.8279111111,0.04640854932,0.442,0.08941917844,0.442,0.08941917844,1.158009071,0.1529739707
drift_strong,ablation_no_vacation,20,11;13;17;19;23;29;31;37;41;43;47;53;59;61;67;7;71;73;79;83,250,0.652717627,0.08215796025,1.367376278,0.1390312808,1.175797154,0.135831808,1.221972266,0.1377042853,0.2149553728,0.01437218595,0.6282,0.04652967361,-0.619636185,0.1973670406,0.8286533333,0.04637385183,0.448,0.08569222774,0.448,0.08569222774,0.7284641419,0.1456029945
drift_strong,blackbox_delay,20,11;13;17;19;23;29;31;37;41;43;47;53;59;61;67;7;71;73;79;83,250,0.8534335625,0.3579880135,4.211361213,6.990019429,1.797532733,1.355232245,1.628528676,0.8432189278,2.705961507e+46,1.208779442e+47,0.2246,0.04079783276,1.349856026,7.096542843,0.7705688889,0.05435694432,0.248,0.0984939218,0.248,0.0984939218,3.884835693,6.985185791
drift_strong,direct_p95_conformal,20,11;13;17;19;23;29;31;37;41;43;47;53;59;61;67;7;71;73;79;83,250,0.8534335625,0.3579880135,1.843229334,0.821340514,1.797532733,1.355232245,1.628528676,0.8432189278,2.705961507e+46,1.208779442e+47,0.5488,0.0428971843,-0.5680590116,0.9319692686,0.7733955556,0.0568629846,0.246,0.09648561387,0.246,0.09648561387,1.317295339,0.8171495077
drift_strong,direct_risk_conformal,20,11;13;17;19;23;29;31;37;41;43;47;53;59;61;67;7;71;73;79;83,250,0.8534335625,0.3579880135,4.211361213,6.990019429,1.797532733,1.355232245,1.628528676,0.8432189278,2.705961507e+46,1.208779442e+47,0.5556,0.04850436768,1.685492321,7.094618458,0.7705688889,0.05435694432,0.248,0.0984939218,0.248,0.0984939218,3.659232258,6.99941159
drift_strong,kingman_no_vacation,20,11;13;17;19;23;29;31;37;41;43;47;53;59;61;67;7;71;73;79;83,250,0.7034126032,0.08768842704,1.540292853,0.1589632096,1.326559771,0.1443031803,1.404371654,0.1476183507,0.2545058254,0.01933241929,0.6164,0.04144546194,-0.7076761469,0.1872349466,0.8255155556,0.04807934075,0.432,0.0876356092,0.432,0.0876356092,0.9265830414,0.1376037343
drift_strong,oracle_queueing,20,11;13;17;19;23;29;31;37;41;43;47;53;59;61;67;7;71;73;79;83,250,0.5293985299,0.05960006232,0.9999589483,0.1017279819,0.9656399103,0.1063141056,1.153983042,0.1315559036,0.1109882952,0.01375674512,0.5242,0.0355995269,0.4234698293,0.1428451969,0.9368444444,0.01718708735,0.558,0.07729642192,0.558,0.07729642192,0.5212197102,0.1185969178
drift_strong,persistence_ewma_safe,20,11;13;17;19;23;29;31;37;41;43;47;53;59;61;67;7;71;73;79;83,250,1.021972313,0.1313771077,2.090760299,0.2181252651,1.703883895,0.2179943227,1.746105625,0.2241734252,0.3448429141,0.01509080298,0.7766,0.02404469522,1.126789398,0.2004472245,0.4833066667,0.05693408731,0.074,0.05697644943,0.074,0.05697644943,1.304815725,0.1289060608
drift_strong,proposed_adaptive_margin,20,11;13;17;19;23;29;31;37;41;43;47;53;59;61;67;7;71;73;79;83,250,0.6518096735,0.08211218214,1.361890323,0.1380756977,1.167352622,0.1357411382,1.210263961,0.1376055068,0.2142605278,0.01402623954,0.6986,0.03668988101,-0.1562579187,0.2500741846,0.8283022222,0.04665918871,0.442,0.08941917844,0.442,0.08941917844,0.6350252241,0.09959395888
drift_strong,proposed_laq,20,11;13;17;19;23;29;31;37;41;43;47;53;59;61;67;7;71;73;79;83,250,0.6518096735,0.08211218214,1.361890323,0.1380756977,1.167352622,0.1357411382,1.210263961,0.1376055068,0.2142605278,0.01402623954,0.6278,0.04546786025,-0.6235674878,0.1928652097,0.8279111111,0.04640854932,0.442,0.08941917844,0.442,0.08941917844,0.7289371251,0.1422485179
drift_strong,scenario_adaptive_direct_risk,20,11;13;17;19;23;29;31;37;41;43;47;53;59;61;67;7;71;73;79;83,250,0.8534335625,0.3579880135,4.211361213,6.990019429,1.797532733,1.355232245,1.628528676,0.8432189278,2.705961507e+46,1.208779442e+47,0.6266,0.04679676102,1.97896623,7.093906451,0.77032,0.05425641641,0.248,0.0984939218,0.248,0.0984939218,3.541567413,7.018749741
drift_strong,static_queueing,20,11;13;17;19;23;29;31;37;41;43;47;53;59;61;67;7;71;73;79;83,250,0.7705104248,0.09367160844,1.743418297,0.1723738468,1.389022195,0.1550680127,1.459287138,0.160077165,0.3265117353,0.02013539636,0.2072,0.02845051105,-1.719871262,0.1726180583,0.5,0,0.074,0.05235506309,0.074,0.05235506309,1.719871262,0.1726180583
drift_strong,tail_metric_ridge,20,11;13;17;19;23;29;31;37;41;43;47;53;59;61;67;7;71;73;79;83,250,0.8534335625,0.3579880135,1.644643474,0.3565589689,1.797532733,1.355232245,1.628528676,0.8432189278,2.705961507e+46,1.208779442e+47,0.5984,0.04694274228,-0.6174213393,0.476960202,0.7734044444,0.05700034112,0.246,0.09648561387,0.246,0.09648561387,1.038455372,0.3733352959
load_high,ablation_m1_only,20,11;13;17;19;23;29;31;37;41;43;47;53;59;61;67;7;71;73;79;83,250,0.1606080807,0.01362096526,0.5582918232,0.04500797983,0.4373127992,0.02451621474,0.5029181369,0.02486553057,0.163856783,0.01561696331,0.6118,0.05078706839,-0.06426567815,0.08469926848,0.7789066667,0.03421264057,0.21,0.07773098007,0.21,0.07773098007,0.2457585072,0.03451327237
load_high,ablation_no_margin,20,11;13;17;19;23;29;31;37;41;43;47;53;59;61;67;7;71;73;79;83,250,0.1348010894,0.01288132717,0.4853108536,0.04204180013,0.3463367711,0.02375444678,0.3865419909,0.02389685315,0.1555586471,0.01385433839,0.1332,0.03622386535,-0.4135691136,0.06075735938,0.7943466667,0.03284921774,0.24,0.06867160602,0.24,0.06867160602,0.4248030045,0.04765112289
load_high,ablation_no_vacation,20,11;13;17;19;23;29;31;37;41;43;47;53;59;61;67;7;71;73;79;83,250,0.1357624298,0.01291112556,0.4906242343,0.04230127856,0.3536458858,0.0238925387,0.3965556449,0.02409678305,0.156603777,0.01399768616,0.5878,0.05623222526,-0.08473100363,0.08955759117,0.7942133333,0.03298307866,0.24,0.06867160602,0.24,0.06867160602,0.2291474493,0.02630330896
load_high,blackbox_delay,20,11;13;17;19;23;29;31;37;41;43;47;53;59;61;67;7;71;73;79;83,250,0.1471283875,0.0142334922,0.4723881022,0.04673072531,0.2927752552,0.02588317321,0.3050501958,0.02368350298,0.3877841845,0.9966133319,0.0882,0.02587337587,-0.4665997793,0.04745877611,0.8147644444,0.02424932482,0.35,0.06341177045,0.35,0.06341177045,0.4665997793,0.04745877611
load_high,direct_p95_conformal,20,11;13;17;19;23;29;31;37;41;43;47;53;59;61;67;7;71;73;79;83,250,0.1471283875,0.0142334922,0.493976697,0.04692891166,0.2927752552,0.02588317321,0.3050501958,0.02368350298,0.3877841845,0.9966133319,0.3806,0.04592488146,-0.3553718546,0.05291082738,0.8118666667,0.02400744091,0.352,0.06566261453,0.352,0.06566261453,0.3664462719,0.04846974862
load_high,direct_risk_conformal,20,11;13;17;19;23;29;31;37;41;43;47;53;59;61;67;7;71;73;79;83,250,0.1471283875,0.0142334922,0.4723881022,0.04673072531,0.2927752552,0.02588317321,0.3050501958,0.02368350298,0.3877841845,0.9966133319,0.4826,0.0631826092,-0.2606879417,0.07419543307,0.8147644444,0.02424932482,0.35,0.06341177045,0.35,0.06341177045,0.3026726241,0.05155918722
load_high,kingman_no_vacation,20,11;13;17;19;23;29;31;37;41;43;47;53;59;61;67;7;71;73;79;83,250,0.1606080807,0.01362096526,0.5582918232,0.04500797983,0.4373127992,0.02451621474,0.5029181369,0.02486553057,0.163856783,0.01561696331,0.6118,0.05078706839,-0.06426567815,0.08469926848,0.7789066667,0.03421264057,0.21,0.07773098007,0.21,0.07773098007,0.2457585072,0.03451327237
load_high,oracle_queueing,20,11;13;17;19;23;29;31;37;41;43;47;53;59;61;67;7;71;73;79;83,250,0.189052832,0.01563185943,0.5542498629,0.03933540947,0.3435885065,0.02570476093,0.4236540128,0.03169123538,0.1771252344,0.01256102774,0.6532,0.02756351517,0.4689585045,0.04122460784,0.9624355556,0.01496116593,0.714,0.0759778361,0.714,0.0759778361,0.5054444746,0.03890085162
load_high,persistence_ewma_safe,20,11;13;17;19;23;29;31;37;41;43;47;53;59;61;67;7;71;73;79;83,250,0.154851277,0.01467914113,0.5294105909,0.04332532862,0.3067431597,0.02190312034,0.3252611245,0.02030747363,0.1819329807,0.01495440077,0.8272,0.03726660704,0.5710028091,0.1020625571,0.4673688889,0.0637970916,0.088,0.0681793301,0.088,0.0681793301,0.5810720181,0.09035667624
load_high,proposed_adaptive_margin,20,11;13;17;19;23;29;31;37;41;43;47;53;59;61;67;7;71;73;79;83,250,0.1348010894,0.01288132717,0.4853108536,0.04204180013,0.3463367711,0.02375444678,0.3865419909,0.02389685315,0.1555586471,0.01385433839,0.6854,0.05515566488,0.09048986891,0.1103816996,0.7946755556,0.03305199826,0.24,0.06867160602,0.24,0.06867160602,0.2413368696,0.04291395761
load_high,proposed_laq,20,11;13;17;19;23;29;31;37;41;43;47;53;59;61;67;7;71;73;79;83,250,0.1348010894,0.01288132717,0.4853108536,0.04204180013,0.3463367711,0.02375444678,0.3865419909,0.02389685315,0.1555586471,0.01385433839,0.587,0.05537812603,-0.08569084151,0.08705821842,0.7943466667,0.03284921774,0.24,0.06867160602,0.24,0.06867160602,0.2281250525,0.02590064637
load_high,scenario_adaptive_direct_risk,20,11;13;17;19;23;29;31;37;41;43;47;53;59;61;67;7;71;73;79;83,250,0.1471283875,0.0142334922,0.4723881022,0.04673072531,0.2927752552,0.02588317321,0.3050501958,0.02368350298,0.3877841845,0.9966133319,0.5708,0.06584319491,-0.1500458992,0.09945920191,0.8152266667,0.02454602774,0.358,0.06420362344,0.358,0.06420362344,0.266206397,0.04263351819
load_high,static_queueing,20,11;13;17;19;23;29;31;37;41;43;47;53;59;61;67;7;71;73;79;83,250,0.1545512884,0.01368348868,0.5287450775,0.04559828342,0.3768592096,0.02480318594,0.4188930642,0.02490606374,0.1635030077,0.01581577022,0.1248,0.02025521375,-0.5190832916,0.04614171734,0.5,0,0.102,0.04937504164,0.102,0.04937504164,0.5190832916,0.04614171734
load_high,tail_metric_ridge,20,11;13;17;19;23;29;31;37;41;43;47;53;59;61;67;7;71;73;79;83,250,0.1471283875,0.0142334922,0.493976697,0.04692891166,0.2927752552,0.02588317321,0.3050501958,0.02368350298,0.3877841845,0.9966133319,0.5158,0.05817541532,-0.2333078935,0.07733259843,0.8118488889,0.02406891729,0.346,0.0652444795,0.346,0.0652444795,0.2983867555,0.04765595559
load_low,ablation_m1_only,20,11;13;17;19;23;29;31;37;41;43;47;53;59;61;67;7;71;73;79;83,250,0.01050222324,0.0006694434931,0.04929870859,0.003839961737,0.1056007976,0.005315303939,0.1552334289,0.007552295369,0.005168155521,0.001151247501,0.9944,0.006003507747,0.4319371711,0.06950109343,0.8860088889,0.02072309269,0.472,0.08470381834,0.472,0.08470381834,0.4319371711,0.06950109343
load_low,ablation_no_margin,20,11;13;17;19;23;29;31;37;41;43;47;53;59;61;67;7;71;73;79;83,250,0.01481711856,0.001000804752,0.03633611152,0.004025691535,0.04475609601,0.003567637176,0.0633446101,0.004850126375,0.007752351718,0.001561767424,0.6238,0.0349790915,0.0032335199,0.005026437363,0.8902844444,0.02084599503,0.476,0.08696036605,0.476,0.08696036605,0.01244788868,0.00476300137
load_low,ablation_no_vacation,20,11;13;17;19;23;29;31;37;41;43;47;53;59;61;67;7;71;73;79;83,250,0.01404573763,0.0009626696563,0.03531997914,0.003798209709,0.04844800778,0.003582034452,0.07146159068,0.005012776889,0.007223308549,0.00148472193,0.9918,0.008153785043,0.3337603427,0.06037098203,0.89024,0.02090902799,0.478,0.08654782675,0.478,0.08654782675,0.3337603427,0.06037098203
load_low,blackbox_delay,20,11;13;17;19;23;29;31;37;41;43;47;53;59;61;67;7;71;73;79;83,250,0.01562996699,0.001023284795,0.04626282353,0.00400330403,0.05791886602,0.004096826502,0.07272706398,0.005911839272,4.232685474,10.31605113,0.7626,0.03434254688,0.0251239542,0.004924022118,0.8959822222,0.02018647518,0.49,0.08885233166,0.49,0.08885233166,0.02534091645,0.004882624851
load_low,direct_p95_conformal,20,11;13;17;19;23;29;31;37;41;43;47;53;59;61;67;7;71;73;79;83,250,0.01562996699,0.001023284795,0.04263523398,0.005931906047,0.05791886602,0.004096826502,0.07272706398,0.005911839272,4.232685474,10.31605113,0.961,0.01335349353,0.1068787995,0.01902725175,0.8945333333,0.02028552524,0.494,0.09016943116,0.494,0.09016943116,0.1068787995,0.01902725175
load_low,direct_risk_conformal,20,11;13;17;19;23;29;31;37;41;43;47;53;59;61;67;7;71;73;79;83,250,0.01562996699,0.001023284795,0.04626282353,0.00400330403,0.05791886602,0.004096826502,0.07272706398,0.005911839272,4.232685474,10.31605113,0.9854,0.01239864169,0.2310357918,0.05719436355,0.8959822222,0.02018647518,0.49,0.08885233166,0.49,0.08885233166,0.2310357918,0.05719436355
load_low,kingman_no_vacation,20,11;13;17;19;23;29;31;37;41;43;47;53;59;61;67;7;71;73;79;83,250,0.01050222324,0.0006694434931,0.04929870859,0.003839961737,0.1056007976,0.005315303939,0.1552334289,0.007552295369,0.005168155521,0.001151247501,0.9944,0.006003507747,0.4319371711,0.06950109343,0.8860088889,0.02072309269,0.472,0.08470381834,0.472,0.08470381834,0.4319371711,0.06950109343
load_low,oracle_queueing,20,11;13;17;19;23;29;31;37;41;43;47;53;59;61;67;7;71;73;79;83,250,0.006764668827,0.0005015852424,0.02453807402,0.002586346184,0.0447501436,0.004097443139,0.06583939991,0.004835959155,0.004855744397,0.0008539862493,0.3064,0.0308039642,-0.01742031975,0.003883583972,0.9502222222,0.01795337836,0.648,0.08166684569,0.648,0.08166684569,0.01773204768,0.003444700082
load_low,persistence_ewma_safe,20,11;13;17;19;23;29;31;37;41;43;47;53;59;61;67;7;71;73;79;83,250,0.02692619676,0.001295077148,0.06905195101,0.005689258541,0.08882271782,0.006317571582,0.1128831011,0.007423777234,0.009481754133,0.001946797221,0.9868,0.01014422314,0.3809019817,0.06789083153,0.4973777778,0.05752708908,0.094,0.06125013426,0.094,0.06125013426,0.3809019817,0.06789083153
load_low,proposed_adaptive_margin,20,11;13;17;19;23;29;31;37;41;43;47;53;59;61;67;7;71;73;79;83,250,0.01481711856,0.001000804752,0.03633611152,0.004025691535,0.04475609601,0.003567637176,0.0633446101,0.004850126375,0.007752351718,0.001561767424,0.9924,0.007214021435,0.3352033885,0.05674954172,0.8902844444,0.02050462741,0.484,0.08400501238,0.484,0.08400501238,0.3352033885,0.05674954172
load_low,proposed_laq,20,11;13;17;19;23;29;31;37;41;43;47;53;59;61;67;7;71;73;79;83,250,0.01481711856,0.001000804752,0.03633611152,0.004025691535,0.04475609601,0.003567637176,0.0633446101,0.004850126375,0.007752351718,0.001561767424,0.992,0.007677718959,0.3311117919,0.05609055993,0.8902844444,0.02084599503,0.476,0.08696036605,0.476,0.08696036605,0.3311117919,0.05609055993
load_low,scenario_adaptive_direct_risk,20,11;13;17;19;23;29;31;37;41;43;47;53;59;61;67;7;71;73;79;83,250,0.01562996699,0.001023284795,0.04626282353,0.00400330403,0.05791886602,0.004096826502,0.07272706398,0.005911839272,4.232685474,10.31605113,0.9856,0.01233906932,0.2336046413,0.05787046041,0.8960888889,0.0201273554,0.492,0.08519945639,0.492,0.08519945639,0.2336046413,0.05787046041
load_low,static_queueing,20,11;13;17;19;23;29;31;37;41;43;47;53;59;61;67;7;71;73;79;83,250,0.04208374642,0.001640023374,0.07842952506,0.00369280968,0.08549215042,0.004464863629,0.1031719124,0.005246927042,0.007761071669,0.001034069081,0.7966,0.03342296721,0.03995824635,0.006669911499,0.5,0,0.072,0.04785944333,0.072,0.04785944333,0.04030890353,0.006282968249
load_low,tail_metric_ridge,20,11;13;17;19;23;29;31;37;41;43;47;53;59;61;67;7;71;73;79;83,250,0.01562996699,0.001023284795,0.04263523398,0.005931906047,0.05791886602,0.004096826502,0.07272706398,0.005911839272,4.232685474,10.31605113,0.987,0.01223454987,0.2750949067,0.06303718455,0.8944888889,0.02036463446,0.494,0.09292894852,0.494,0.09292894852,0.2750949067,0.06303718455
overall,ablation_m1_only,20,11;13;17;19;23;29;31;37;41;43;47;53;59;61;67;7;71;73;79;83,250,0.02271571226,0.001893236467,0.09781479974,0.009317872115,0.1607642431,0.008320681773,0.2216475741,0.009824074864,0.01360996995,0.003293444213,0.9764,0.01244101874,0.3824255154,0.06721337435,0.8642488889,0.0277110962,0.438,0.07619918497,0.438,0.07619918497,0.3824255154,0.06721337435
overall,ablation_no_margin,20,11;13;17;19;23;29;31;37;41;43;47;53;59;61;67;7;71;73;79;83,250,0.01665164491,0.001418386169,0.0610046595,0.007761609444,0.08395202353,0.007041802508,0.1164122572,0.008050796622,0.01394586196,0.002905223697,0.2954,0.03069098959,-0.04053020791,0.007150686575,0.8684711111,0.02688919395,0.434,0.0652444795,0.434,0.0652444795,0.0408842093,0.006502845114
overall,ablation_no_vacation,20,11;13;17;19;23;29;31;37;41;43;47;53;59;61;67;7;71;73;79;83,250,0.0167311172,0.001435550578,0.06372429155,0.007864119769,0.09227981739,0.00714256578,0.1287663393,0.008007714224,0.01373597464,0.002962039623,0.9684,0.01764682766,0.2898680209,0.05845839218,0.8684533333,0.02680252177,0.434,0.0652444795,0.434,0.0652444795,0.2898680209,0.05845839218
overall,blackbox_delay,20,11;13;17;19;23;29;31;37;41;43;47;53;59;61;67;7;71;73;79;83,250,0.01646078547,0.001376313909,0.05643853939,0.006808989979,0.06330994245,0.00554714969,0.07972477542,0.006389470423,0.01992809225,0.02114697713,0.5618,0.04104887972,-0.01073180242,0.007644025307,0.8725066667,0.02474311697,0.444,0.06475866128,0.444,0.06475866128,0.01572207086,0.005838053587
overall,direct_p95_conformal,20,11;13;17;19;23;29;31;37;41;43;47;53;59;61;67;7;71;73;79;83,250,0.01646078547,0.001376313909,0.0560676804,0.007808627023,0.06330994245,0.00554714969,0.07972477542,0.006389470423,0.01992809225,0.02114697713,0.8754,0.03255505458,0.06557826619,0.01515498317,0.8712266667,0.02525408102,0.438,0.06550210925,0.438,0.06550210925,0.06666208173,0.01430238786
overall,direct_risk_conformal,20,11;13;17;19;23;29;31;37;41;43;47;53;59;61;67;7;71;73;79;83,250,0.01646078547,0.001376313909,0.05643853939,0.006808989979,0.06330994245,0.00554714969,0.07972477542,0.006389470423,0.01992809225,0.02114697713,0.9478,0.02593838854,0.1951800352,0.05497525104,0.8725066667,0.02474311697,0.444,0.06475866128,0.444,0.06475866128,0.1951800352,0.05497525104
overall,kingman_no_vacation,20,11;13;17;19;23;29;31;37;41;43;47;53;59;61;67;7;71;73;79;83,250,0.02271571226,0.001893236467,0.09781479974,0.009317872115,0.1607642431,0.008320681773,0.2216475741,0.009824074864,0.01360996995,0.003293444213,0.9764,0.01244101874,0.3824255154,0.06721337435,0.8642488889,0.0277110962,0.438,0.07619918497,0.438,0.07619918497,0.3824255154,0.06721337435
overall,oracle_queueing,20,11;13;17;19;23;29;31;37;41;43;47;53;59;61;67;7;71;73;79;83,250,0.01101802512,0.0009779256241,0.04528637922,0.005721620229,0.07525285496,0.005916845222,0.1066979082,0.006519346695,0.01128073052,0.00238878464,0.2232,0.02235032085,-0.03028671264,0.005945103532,0.9355111111,0.01737411906,0.616,0.08248763863,0.616,0.08248763863,0.03126029875,0.005535471558
overall,persistence_ewma_safe,20,11;13;17;19;23;29;31;37;41;43;47;53;59;61;67;7;71;73;79;83,250,0.03702682451,0.003050410735,0.1071368979,0.01402955575,0.1188233925,0.01210247238,0.145568229,0.01305431176,0.02233184351,0.004979056766,0.9644,0.01866716791,0.3797726772,0.06785854818,0.47576,0.04993579847,0.078,0.04583724066,0.078,0.04583724066,0.3797726772,0.06785854818
overall,proposed_adaptive_margin,20,11;13;17;19;23;29;31;37;41;43;47;53;59;61;67;7;71;73;79;83,250,0.01665164491,0.001418386169,0.0610046595,0.007761609444,0.08395202353,0.007041802508,0.1164122572,0.008050796622,0.01394586196,0.002905223697,0.9688,0.01714826982,0.2915017637,0.05531126429,0.8678844444,0.02623337814,0.444,0.06976652794,0.444,0.06976652794,0.2915017637,0.05531126429
overall,proposed_laq,20,11;13;17;19;23;29;31;37;41;43;47;53;59;61;67;7;71;73;79;83,250,0.01665164491,0.001418386169,0.0610046595,0.007761609444,0.08395202353,0.007041802508,0.1164122572,0.008050796622,0.01394586196,0.002905223697,0.9684,0.01769448323,0.2873480641,0.05464166417,0.8684711111,0.02688919395,0.434,0.0652444795,0.434,0.0652444795,0.2873480641,0.05464166417
overall,scenario_adaptive_direct_risk,20,11;13;17;19;23;29;31;37;41;43;47;53;59;61;67;7;71;73;79;83,250,0.01646078547,0.001376313909,0.05643853939,0.006808989979,0.06330994245,0.00554714969,0.07972477542,0.006389470423,0.01992809225,0.02114697713,0.9482,0.02603560315,0.1977860072,0.05566752569,0.8725155556,0.02438916194,0.444,0.06976652794,0.444,0.06976652794,0.1977860072,0.05566752569
overall,static_queueing,20,11;13;17;19;23;29;31;37;41;43;47;53;59;61;67;7;71;73;79;83,250,0.03783493984,0.002333708667,0.09155661712,0.009883810021,0.1051817597,0.00854887947,0.1325647839,0.009757141969,0.01538976334,0.003231350697,0.5952,0.02645671738,-0.01496445046,0.009943394826,0.5,0,0.088,0.04225237458,0.088,0.04225237458,0.02580556404,0.005150392826
overall,tail_metric_ridge,20,11;13;17;19;23;29;31;37;41;43;47;53;59;61;67;7;71;73;79;83,250,0.01646078547,0.001376313909,0.0560676804,0.007808627023,0.06330994245,0.00554714969,0.07972477542,0.006389470423,0.01992809225,0.02114697713,0.956,0.02343187213,0.2337797174,0.0592519318,0.8714577778,0.02519685655,0.438,0.06550210925,0.438,0.06550210925,0.2337797174,0.0592519318
traffic_mix_c2_heavy,ablation_m1_only,20,11;13;17;19;23;29;31;37;41;43;47;53;59;61;67;7;71;73;79;83,250,0.01892480461,0.0018078303,0.07438470332,0.007612723217,0.1275761291,0.008065246461,0.1796778504,0.009688305722,0.007640069848,0.002180150341,0.9848,0.01120901893,0.4058203547,0.06810426928,0.9541333333,0.01295898664,0.638,0.07280832804,0.638,0.07280832804,0.4058203547,0.06810426928
traffic_mix_c2_heavy,ablation_no_margin,20,11;13;17;19;23;29;31;37;41;43;47;53;59;61;67;7;71;73;79;83,250,0.01331173441,0.001456423976,0.0466849646,0.006939981345,0.07163522842,0.006877319151,0.1031994377,0.008314114201,0.007374031651,0.00216415695,0.1684,0.02857750311,-0.03962317707,0.007144874324,0.9554044444,0.01251884526,0.642,0.07164238675,0.642,0.07164238675,0.03962317707,0.007144874324
traffic_mix_c2_heavy,ablation_no_vacation,20,11;13;17;19;23;29;31;37;41;43;47;53;59;61;67;7;71;73;79;83,250,0.0137668493,0.001483561538,0.05126425491,0.006976710903,0.0838137436,0.00682262734,0.1206974336,0.008139425795,0.007364218181,0.002188297349,0.979,0.01438566538,0.2908571459,0.06073678223,0.9553422222,0.01236285367,0.642,0.07164238675,0.642,0.07164238675,0.2908571459,0.06073678223
traffic_mix_c2_heavy,blackbox_delay,20,11;13;17;19;23;29;31;37;41;43;47;53;59;61;67;7;71;73;79;83,250,0.01253765876,0.001473997319,0.03914505142,0.006554696208,0.04951543671,0.006289803022,0.06488661697,0.006938017912,0.0594761173,0.2007289003,0.3854,0.02980003532,-0.02161065349,0.006051865536,0.9565066667,0.01211614059,0.64,0.07108186533,0.64,0.07108186533,0.02182744335,0.005904202585
traffic_mix_c2_heavy,direct_p95_conformal,20,11;13;17;19;23;29;31;37;41;43;47;53;59;61;67;7;71;73;79;83,250,0.01253765876,0.001473997319,0.04023407119,0.006926851256,0.04951543671,0.006289803022,0.06488661697,0.006938017912,0.0594761173,0.2007289003,0.9168,0.02508427899,0.06347561391,0.01728616247,0.9562755556,0.01223910456,0.636,0.06854886847,0.636,0.06854886847,0.06889732178,0.01334194567
traffic_mix_c2_heavy,direct_risk_conformal,20,11;13;17;19;23;29;31;37;41;43;47;53;59;61;67;7;71;73;79;83,250,0.01253765876,0.001473997319,0.03914505142,0.006554696208,0.04951543671,0.006289803022,0.06488661697,0.006938017912,0.0594761173,0.2007289003,0.9676,0.01671557736,0.1843011841,0.05876839922,0.9565066667,0.01211614059,0.64,0.07108186533,0.64,0.07108186533,0.1846722166,0.05817648743
traffic_mix_c2_heavy,kingman_no_vacation,20,11;13;17;19;23;29;31;37;41;43;47;53;59;61;67;7;71;73;79;83,250,0.01892480461,0.0018078303,0.07438470332,0.007612723217,0.1275761291,0.008065246461,0.1796778504,0.009688305722,0.007640069848,0.002180150341,0.9848,0.01120901893,0.4058203547,0.06810426928,0.9541333333,0.01295898664,0.638,0.07280832804,0.638,0.07280832804,0.4058203547,0.06810426928
traffic_mix_c2_heavy,oracle_queueing,20,11;13;17;19;23;29;31;37;41;43;47;53;59;61;67;7;71;73;79;83,250,0.009598374917,0.001201659502,0.03742636392,0.005043344928,0.06482725869,0.005568370073,0.09449135355,0.006111947262,0.005854912182,0.001523742489,0.1006,0.02061271963,-0.03264864973,0.004906760607,0.9766311111,0.009555795999,0.762,0.06287832862,0.762,0.06287832862,0.03264864973,0.004906760607
traffic_mix_c2_heavy,persistence_ewma_safe,20,11;13;17;19;23;29;31;37;41;43;47;53;59;61;67;7;71;73;79;83,250,0.02914318369,0.003272896573,0.08100401301,0.01266946207,0.09479321009,0.0113231315,0.1183565458,0.01310792539,0.01403789059,0.003982043961,0.9742,0.01465246521,0.3808217204,0.06753355625,0.4893422222,0.06502895977,0.092,0.0687941246,0.092,0.0687941246,0.3808217204,0.06753355625
traffic_mix_c2_heavy,proposed_adaptive_margin,20,11;13;17;19;23;29;31;37;41;43;47;53;59;61;67;7;71;73;79;83,250,0.01331173441,0.001456423976,0.0466849646,0.006939981345,0.07163522842,0.006877319151,0.1031994377,0.008314114201,0.007374031651,0.00216415695,0.98,0.01304244084,0.2923177718,0.05751711393,0.9548711111,0.01278143878,0.632,0.06304551405,0.632,0.06304551405,0.2923177718,0.05751711393
traffic_mix_c2_heavy,proposed_laq,20,11;13;17;19;23;29;31;37;41;43;47;53;59;61;67;7;71;73;79;83,250,0.01331173441,0.001456423976,0.0466849646,0.006939981345,0.07163522842,0.006877319151,0.1031994377,0.008314114201,0.007374031651,0.00216415695,0.9794,0.01331560225,0.288255095,0.05684298351,0.9554044444,0.01251884526,0.642,0.07164238675,0.642,0.07164238675,0.288255095,0.05684298351
traffic_mix_c2_heavy,scenario_adaptive_direct_risk,20,11;13;17;19;23;29;31;37;41;43;47;53;59;61;67;7;71;73;79;83,250,0.01253765876,0.001473997319,0.03914505142,0.006554696208,0.04951543671,0.006289803022,0.06488661697,0.006938017912,0.0594761173,0.2007289003,0.9682,0.01664363321,0.1868561049,0.05947424285,0.9563644444,0.01242885908,0.642,0.06677535001,0.642,0.06677535001,0.1872062155,0.05891759923
traffic_mix_c2_heavy,static_queueing,20,11;13;17;19;23;29;31;37;41;43;47;53;59;61;67;7;71;73;79;83,250,0.04740563732,0.002086475281,0.0909317098,0.007095562955,0.09122688887,0.006631681118,0.106202685,0.008675925233,0.01017586182,0.002207518341,0.8184,0.02676682943,0.03359568032,0.008108311932,0.5,0,0.094,0.06125013426,0.094,0.06125013426,0.03844147866,0.005784745334
traffic_mix_c2_heavy,tail_metric_ridge,20,11;13;17;19;23;29;31;37;41;43;47;53;59;61;67;7;71;73;79;83,250,0.01253765876,0.001473997319,0.04023407119,0.006926851256,0.04951543671,0.006289803022,0.06488661697,0.006938017912,0.0594761173,0.2007289003,0.9724,0.01496100194,0.2316993836,0.06209720522,0.9562755556,0.01206181695,0.636,0.07329823722,0.636,0.07329823722,0.2320605315,0.06151405993
traffic_mix_video_heavy,ablation_m1_only,20,11;13;17;19;23;29;31;37;41;43;47;53;59;61;67;7;71;73;79;83,250,0.03150670387,0.002506967023,0.1371637372,0.01022566447,0.2089245064,0.008879920693,0.2833006848,0.01106629417,0.02277268479,0.00331929018,0.9564,0.02427561046,0.3432633586,0.07056649702,0.8060977778,0.05082952711,0.376,0.1016909663,0.376,0.1016909663,0.3432947792,0.07051330693
traffic_mix_video_heavy,ablation_no_margin,20,11;13;17;19;23;29;31;37;41;43;47;53;59;61;67;7;71;73;79;83,250,0.02220084736,0.001773024506,0.08785459635,0.008314482059,0.1166693832,0.008083390078,0.1578264806,0.01003951992,0.02174568008,0.002599524609,0.2694,0.02820302335,-0.06757709019,0.01013723535,0.8131733333,0.04950326646,0.378,0.09838699101,0.378,0.09838699101,0.06794763651,0.009946926544
traffic_mix_video_heavy,ablation_no_vacation,20,11;13;17;19;23;29;31;37;41;43;47;53;59;61;67;7;71;73;79;83,250,0.02237512395,0.001820618281,0.0907567697,0.008503495002,0.1237580279,0.008079738255,0.1682053536,0.01004647337,0.02164337921,0.002639285289,0.9422,0.02541363082,0.2628230037,0.06089693382,0.8132622222,0.04950939848,0.378,0.09838699101,0.378,0.09838699101,0.2628230037,0.06089693382
traffic_mix_video_heavy,blackbox_delay,20,11;13;17;19;23;29;31;37;41;43;47;53;59;61;67;7;71;73;79;83,250,0.02195860655,0.001712697211,0.07980014856,0.007368484745,0.08423218451,0.006545206093,0.1028256631,0.007752194046,1.024015811,4.418989777,0.5328,0.04170270722,-0.03001203323,0.01023046565,0.8179377778,0.04746086304,0.386,0.09560885227,0.386,0.09560885227,0.03200351433,0.008609807803
traffic_mix_video_heavy,direct_p95_conformal,20,11;13;17;19;23;29;31;37;41;43;47;53;59;61;67;7;71;73;79;83,250,0.02195860655,0.001712697211,0.08151573494,0.008114334927,0.08423218451,0.006545206093,0.1028256631,0.007752194046,1.024015811,4.418989777,0.7898,0.0376236208,0.04244412588,0.02040033329,0.81496,0.04870063575,0.384,0.09571888666,0.384,0.09571888666,0.05224955136,0.01083177661
traffic_mix_video_heavy,direct_risk_conformal,20,11;13;17;19;23;29;31;37;41;43;47;53;59;61;67;7;71;73;79;83,250,0.02195860655,0.001712697211,0.07980014856,0.007368484745,0.08423218451,0.006545206093,0.1028256631,0.007752194046,1.024015811,4.418989777,0.9084,0.03880097666,0.1758998044,0.05782778716,0.8179377778,0.04746086304,0.386,0.09560885227,0.386,0.09560885227,0.1761045301,0.05763187547
traffic_mix_video_heavy,kingman_no_vacation,20,11;13;17;19;23;29;31;37;41;43;47;53;59;61;67;7;71;73;79;83,250,0.03150670387,0.002506967023,0.1371637372,0.01022566447,0.2089245064,0.008879920693,0.2833006848,0.01106629417,0.02277268479,0.00331929018,0.9564,0.02427561046,0.3432633586,0.07056649702,0.8060977778,0.05082952711,0.376,0.1016909663,0.376,0.1016909663,0.3432947792,0.07051330693
traffic_mix_video_heavy,oracle_queueing,20,11;13;17;19;23;29;31;37;41;43;47;53;59;61;67;7;71;73;79;83,250,0.0152864861,0.002202589962,0.06542325718,0.006589960483,0.1002935941,0.006684833407,0.1387451819,0.008447020072,0.01895438959,0.002792765539,0.2434,0.02612601043,-0.04074839705,0.00697956756,0.9218488889,0.02324727499,0.572,0.08811475771,0.572,0.08811475771,0.04540402142,0.006853215127
traffic_mix_video_heavy,persistence_ewma_safe,20,11;13;17;19;23;29;31;37;41;43;47;53;59;61;67;7;71;73;79;83,250,0.03855460713,0.003722532119,0.1279294169,0.01407094904,0.1292885596,0.01171678769,0.1544453186,0.01277168821,0.03328175126,0.004298779284,0.9534,0.02097718058,0.3795132512,0.0674429848,0.5018755556,0.06325653881,0.096,0.06277780365,0.096,0.06277780365,0.3795132512,0.0674429848
traffic_mix_video_heavy,proposed_adaptive_margin,20,11;13;17;19;23;29;31;37;41;43;47;53;59;61;67;7;71;73;79;83,250,0.02220084736,0.001773024506,0.08785459635,0.008314482059,0.1166693832,0.008083390078,0.1578264806,0.01003951992,0.02174568008,0.002599524609,0.9432,0.02309157969,0.2643586405,0.05738214629,0.8126844444,0.04957114254,0.382,0.1009220648,0.382,0.1009220648,0.2643586405,0.05738214629
traffic_mix_video_heavy,proposed_laq,20,11;13;17;19;23;29;31;37;41;43;47;53;59;61;67;7;71;73;79;83,250,0.02220084736,0.001773024506,0.08785459635,0.008314482059,0.1166693832,0.008083390078,0.1578264806,0.01003951992,0.02174568008,0.002599524609,0.942,0.02319709601,0.2603011819,0.05674363965,0.8131733333,0.04950326646,0.378,0.09838699101,0.378,0.09838699101,0.2603011819,0.05674363965
traffic_mix_video_heavy,scenario_adaptive_direct_risk,20,11;13;17;19;23;29;31;37;41;43;47;53;59;61;67;7;71;73;79;83,250,0.02195860655,0.001712697211,0.07980014856,0.007368484745,0.08423218451,0.006545206093,0.1028256631,0.007752194046,1.024015811,4.418989777,0.9092,0.03917249303,0.17844539,0.05848991425,0.8176,0.04793456228,0.382,0.09666001187,0.382,0.09666001187,0.1786020642,0.05832326047
traffic_mix_video_heavy,static_queueing,20,11;13;17;19;23;29;31;37;41;43;47;53;59;61;67;7;71;73;79;83,250,0.03365999461,0.002460737912,0.1060130266,0.01046845748,0.1278296767,0.009577793333,0.1667624017,0.01201469971,0.02373112914,0.003194759692,0.4098,0.02661143403,-0.06836974204,0.01221106593,0.5,0,0.084,0.04838442551,0.084,0.04838442551,0.0684488964,0.01221241848
traffic_mix_video_heavy,tail_metric_ridge,20,11;13;17;19;23;29;31;37;41;43;47;53;59;61;67;7;71;73;79;83,250,0.02195860655,0.001712697211,0.08151573494,0.008114334927,0.08423218451,0.006545206093,0.1028256631,0.007752194046,1.024015811,4.418989777,0.9192,0.03758163045,0.2106697151,0.06329057119,0.8150844444,0.04847794196,0.382,0.09220115309,0.382,0.09220115309,0.2111144973,0.06256965081
vacation_high,ablation_m1_only,20,11;13;17;19;23;29;31;37;41;43;47;53;59;61;67;7;71;73;79;83,250,0.06588317067,0.005461836472,0.2455534116,0.01845602428,0.287896467,0.01529732485,0.3648604305,0.0164405413,0.05336191535,0.005633709618,0.8666,0.03179606066,0.2365331182,0.0660259777,0.85104,0.02716887873,0.416,0.08041995039,0.416,0.08041995039,0.2482206471,0.0542068299
vacation_high,ablation_no_margin,20,11;13;17;19;23;29;31;37;41;43;47;53;59;61;67;7;71;73;79;83,250,0.04652130443,0.004019551946,0.1752481503,0.01537838056,0.1856704922,0.01446084179,0.2296130987,0.01650589882,0.04734344395,0.005479581064,0.1246,0.04151397989,-0.1368687909,0.02821325295,0.8547022222,0.02640426689,0.416,0.08350228487,0.416,0.08350228487,0.1464519539,0.01940598413
vacation_high,ablation_no_vacation,20,11;13;17;19;23;29;31;37;41;43;47;53;59;61;67;7;71;73;79;83,250,0.04770692495,0.004128761763,0.1818269351,0.01581369908,0.1974056095,0.01472089703,0.245705491,0.01694394479,0.04772359771,0.005488611813,0.8602,0.04342155662,0.1896084377,0.06529192205,0.8546311111,0.02646486449,0.42,0.08360307222,0.42,0.08360307222,0.1919236273,0.06301798882
vacation_high,blackbox_delay,20,11;13;17;19;23;29;31;37;41;43;47;53;59;61;67;7;71;73;79;83,250,0.04562652525,0.005219992507,0.1496307404,0.01766726029,0.1318330386,0.0125541954,0.1543069899,0.01480388268,27065.1122,118961.3317,0.2104,0.05248197686,-0.1170512191,0.02750863413,0.8532177778,0.02612071303,0.416,0.0864748214,0.416,0.0864748214,0.1170948158,0.02745361753
vacation_high,direct_p95_conformal,20,11;13;17;19;23;29;31;37;41;43;47;53;59;61;67;7;71;73;79;83,250,0.04562652525,0.005219992507,0.1723807563,0.01365502948,0.1318330386,0.0125541954,0.1543069899,0.01480388268,27065.1122,118961.3317,0.6966,0.05359143687,0.01722825,0.04302463285,0.85312,0.02546367863,0.422,0.08751541218,0.422,0.08751541218,0.07463373178,0.01653371121
vacation_high,direct_risk_conformal,20,11;13;17;19;23;29;31;37;41;43;47;53;59;61;67;7;71;73;79;83,250,0.04562652525,0.005219992507,0.1496307404,0.01766726029,0.1318330386,0.0125541954,0.1543069899,0.01480388268,27065.1122,118961.3317,0.7974,0.05544499408,0.08886061855,0.05908544432,0.8532177778,0.02612071303,0.416,0.0864748214,0.416,0.0864748214,0.1070932921,0.04200909759
vacation_high,kingman_no_vacation,20,11;13;17;19;23;29;31;37;41;43;47;53;59;61;67;7;71;73;79;83,250,0.06588317067,0.005461836472,0.2455534116,0.01845602428,0.287896467,0.01529732485,0.3648604305,0.0164405413,0.05336191535,0.005633709618,0.8666,0.03179606066,0.2365331182,0.0660259777,0.85104,0.02716887873,0.416,0.08041995039,0.416,0.08041995039,0.2482206471,0.0542068299
vacation_high,oracle_queueing,20,11;13;17;19;23;29;31;37;41;43;47;53;59;61;67;7;71;73;79;83,250,0.03113749355,0.0143508934,0.1238332742,0.02572944059,0.1077396723,0.02625458394,0.1307345701,0.03155127156,0.05332964918,0.005002805449,0.5372,0.02455841586,0.03651807031,0.02732832173,0.9377244444,0.0147800656,0.616,0.05716089941,0.616,0.05716089941,0.07201545452,0.02617110854
vacation_high,persistence_ewma_safe,20,11;13;17;19;23;29;31;37;41;43;47;53;59;61;67;7;71;73;79;83,250,0.06449478341,0.005990716064,0.2250174356,0.02045560459,0.177166896,0.01372763516,0.2015797039,0.0140390795,0.06893906228,0.007161696884,0.947,0.01976173868,0.6108277324,0.1087081127,0.4935377778,0.06957202936,0.082,0.04396170582,0.082,0.04396170582,0.6108277324,0.1087081127
vacation_high,proposed_adaptive_margin,20,11;13;17;19;23;29;31;37;41;43;47;53;59;61;67;7;71;73;79;83,250,0.04652130443,0.004019551946,0.1752481503,0.01537838056,0.1856704922,0.01446084179,0.2296130987,0.01650589882,0.04734344395,0.005479581064,0.9388,0.0246951945,0.3978277198,0.0933572587,0.8560177778,0.02598757298,0.412,0.08519945639,0.412,0.08519945639,0.3978277198,0.0933572587
vacation_high,proposed_laq,20,11;13;17;19;23;29;31;37;41;43;47;53;59;61;67;7;71;73;79;83,250,0.04652130443,0.004019551946,0.1752481503,0.01537838056,0.1856704922,0.01446084179,0.2296130987,0.01650589882,0.04734344395,0.005479581064,0.864,0.03847624011,0.1910094811,0.0610994898,0.8547022222,0.02640426689,0.416,0.08350228487,0.416,0.08350228487,0.1931104452,0.05952006495
vacation_high,scenario_adaptive_direct_risk,20,11;13;17;19;23;29;31;37;41;43;47;53;59;61;67;7;71;73;79;83,250,0.04562652525,0.005219992507,0.1496307404,0.01766726029,0.1318330386,0.0125541954,0.1543069899,0.01480388268,27065.1122,118961.3317,0.8794,0.04124943381,0.2187501642,0.09222254269,0.8541866667,0.02560588626,0.418,0.08556930094,0.418,0.08556930094,0.2215790257,0.0879030827
vacation_high,static_queueing,20,11;13;17;19;23;29;31;37;41;43;47;53;59;61;67;7;71;73;79;83,250,0.05973216568,0.005057949694,0.2054124298,0.01854486037,0.2007771224,0.01470566119,0.2447865376,0.01623397222,0.05381125949,0.005804633879,0.2666,0.03107274995,-0.1857861137,0.01979449772,0.5,0,0.106,0.05235506309,0.106,0.05235506309,0.1857861137,0.01979449772
vacation_high,tail_metric_ridge,20,11;13;17;19;23;29;31;37;41;43;47;53;59;61;67;7;71;73;79;83,250,0.04562652525,0.005219992507,0.1723807563,0.01365502948,0.1318330386,0.0125541954,0.1543069899,0.01480388268,27065.1122,118961.3317,0.8152,0.05315478886,0.1310724134,0.06928140999,0.8527111111,0.02556056091,0.418,0.09128324917,0.418,0.09128324917,0.1457544825,0.05240472296
vacation_low,ablation_m1_only,20,11;13;17;19;23;29;31;37;41;43;47;53;59;61;67;7;71;73;79;83,250,0.01638320138,0.001551948035,0.07426989903,0.007464286704,0.1346998473,0.007796173975,0.1924770816,0.009885614627,0.009044871592,0.002544758352,0.9856,0.01025157241,0.4061301907,0.06806365489,0.8746488889,0.03485575184,0.436,0.1012760688,0.436,0.1012760688,0.4061301907,0.06806365489
vacation_low,ablation_no_margin,20,11;13;17;19;23;29;31;37;41;43;47;53;59;61;67;7;71;73;79;83,250,0.01443146905,0.001454639666,0.04549129711,0.00613220206,0.06674263467,0.006475805182,0.09673975931,0.007700613302,0.009245486628,0.002083173962,0.441,0.04452084077,-0.02640668147,0.006330203165,0.8781777778,0.03416440472,0.434,0.1072331449,0.434,0.1072331449,0.02777703092,0.005864889465
vacation_low,ablation_no_vacation,20,11;13;17;19;23;29;31;37;41;43;47;53;59;61;67;7;71;73;79;83,250,0.01413767059,0.001421222396,0.04644914071,0.006123682937,0.07272946445,0.006337245604,0.1068986923,0.007572428886,0.009061826299,0.002104594776,0.9796,0.01237314579,0.3049319037,0.05953070041,0.8781066667,0.03413544219,0.434,0.1072331449,0.434,0.1072331449,0.3049319037,0.05953070041
vacation_low,blackbox_delay,20,11;13;17;19;23;29;31;37;41;43;47;53;59;61;67;7;71;73;79;83,250,0.01501949479,0.001416294958,0.04787968524,0.00603866247,0.05721829525,0.005603379021,0.07243908646,0.006161447262,0.01061473194,0.007577259374,0.6854,0.04858026457,0.001712646819,0.008082839902,0.8812177778,0.03441846188,0.44,0.09267941349,0.44,0.09267941349,0.01548371834,0.004813244487
vacation_low,direct_p95_conformal,20,11;13;17;19;23;29;31;37;41;43;47;53;59;61;67;7;71;73;79;83,250,0.01501949479,0.001416294958,0.04597330681,0.006377497858,0.05721829525,0.005603379021,0.07243908646,0.006161447262,0.01061473194,0.007577259374,0.9138,0.02062088874,0.07993830138,0.01687824609,0.8800266667,0.03496069758,0.436,0.09439000839,0.436,0.09439000839,0.08213677921,0.01672363096
vacation_low,direct_risk_conformal,20,11;13;17;19;23;29;31;37;41;43;47;53;59;61;67;7;71;73;79;83,250,0.01501949479,0.001416294958,0.04787968524,0.00603866247,0.05721829525,0.005603379021,0.07243908646,0.006161447262,0.01061473194,0.007577259374,0.9646,0.01881880359,0.2076244844,0.0564710093,0.8812177778,0.03441846188,0.44,0.09267941349,0.44,0.09267941349,0.2076244844,0.0564710093
vacation_low,kingman_no_vacation,20,11;13;17;19;23;29;31;37;41;43;47;53;59;61;67;7;71;73;79;83,250,0.01638320138,0.001551948035,0.07426989903,0.007464286704,0.1346998473,0.007796173975,0.1924770816,0.009885614627,0.009044871592,0.002544758352,0.9856,0.01025157241,0.4061301907,0.06806365489,0.8746488889,0.03485575184,0.436,0.1012760688,0.436,0.1012760688,0.4061301907,0.06806365489
vacation_low,oracle_queueing,20,11;13;17;19;23;29;31;37;41;43;47;53;59;61;67;7;71;73;79;83,250,0.008959655523,0.0008952850058,0.03833491881,0.005681840271,0.07056397726,0.005851174444,0.1051230908,0.007376689091,0.007793932027,0.002482707029,0.1538,0.02531402773,-0.03011096727,0.005253405595,0.9462844444,0.02159082615,0.646,0.07707822411,0.646,0.07707822411,0.03011096727,0.005253405595
vacation_low,persistence_ewma_safe,20,11;13;17;19;23;29;31;37;41;43;47;53;59;61;67;7;71;73;79;83,250,0.03253599537,0.002755677312,0.08991230547,0.01171631301,0.1077426074,0.009676847022,0.1347148271,0.01014992678,0.01566661744,0.004292661241,0.9766,0.01580273128,0.3758196911,0.06716423592,0.5007644444,0.0640096315,0.104,0.06142175168,0.104,0.06142175168,0.3758196911,0.06716423592
vacation_low,proposed_adaptive_margin,20,11;13;17;19;23;29;31;37;41;43;47;53;59;61;67;7;71;73;79;83,250,0.01443146905,0.001454639666,0.04549129711,0.00613220206,0.06674263467,0.006475805182,0.09673975931,0.007700613302,0.009245486628,0.002083173962,0.9788,0.01197189692,0.3016151892,0.0557239468,0.8783022222,0.03415717856,0.434,0.1072331449,0.434,0.1072331449,0.3016151892,0.0557239468
vacation_low,proposed_laq,20,11;13;17;19;23;29;31;37;41;43;47;53;59;61;67;7;71;73;79;83,250,0.01443146905,0.001454639666,0.04549129711,0.00613220206,0.06674263467,0.006475805182,0.09673975931,0.007700613302,0.009245486628,0.002083173962,0.9788,0.01197189692,0.3014715906,0.05569223527,0.8781777778,0.03416440472,0.434,0.1072331449,0.434,0.1072331449,0.3014715906,0.05569223527
vacation_low,scenario_adaptive_direct_risk,20,11;13;17;19;23;29;31;37;41;43;47;53;59;61;67;7;71;73;79;83,250,0.01501949479,0.001416294958,0.04787968524,0.00603866247,0.05721829525,0.005603379021,0.07243908646,0.006161447262,0.01061473194,0.007577259374,0.9646,0.01881880359,0.2077154453,0.05650141435,0.8812622222,0.0344414891,0.438,0.0949016111,0.438,0.0949016111,0.2077154453,0.05650141435
vacation_low,static_queueing,20,11;13;17;19;23;29;31;37;41;43;47;53;59;61;67;7;71;73;79;83,250,0.04027716313,0.002634984221,0.08444117083,0.008465803811,0.09561293229,0.007593246184,0.1191782376,0.008221475405,0.01123953974,0.002611697887,0.7006,0.02817314884,0.01469560177,0.00810182314,0.5,0,0.112,0.04606631376,0.112,0.04606631376,0.02459663802,0.005949572913
vacation_low,tail_metric_ridge,20,11;13;17;19;23;29;31;37;41;43;47;53;59;61;67;7;71;73;79;83,250,0.01501949479,0.001416294958,0.04597330681,0.006377497858,0.05721829525,0.005603379021,0.07243908646,0.006161447262,0.01061473194,0.007577259374,0.9714,0.01509409086,0.2492142334,0.0609359412,0.8800266667,0.03493570934,0.436,0.09439000839,0.436,0.09439000839,0.2492142334,0.0609359412
